category,text
humanInterest,"lennoxville elementary school s mixed age class has been busy this spring planning preparing and planting the beds of a new community garden. we ve got strawberries ground cherries lemon cucumbers carrots potatoes and beets said kari bryan one of the students involved with the project naming just a few of the plants now growing in the school garden. everything was basically planted two weeks ago. bryan joined by classmates lyana rodgers sienna ballard and michael henderson explained that the garden as it appears today is the product of months of work and preparation. we started in the winter henderson said with rodgers explaining that we separated into groups and all had certain jobs we had to do. where some groups discussed what would be best to plant others talked about how to arrange the different plots and maintain the garden """
health,"states north srinagar jun 1 uni the jammu and kashmir government on tuesday directed private laboratories not to charge more than rs 400 for rt pcr test for covid 19 in the union territory. in this regard an order was issued here by the department of health and medical education which stated that in exercise of the powers conferred by section 2 of the epidemic diseases act 1897 3 of 1897 and in partial modification of notification 337 dated 29th october 2020 the j k lieutenant governor hereby directs that no private laboratory shall charge any amount more than rs 400 for rt pcr test for covid 19 inclusive of gst taxes if any cost involved in pickup packing and transportation of samples documentation and reporting in the union territory. as many as 1525 new cases of the novel coronavirus including 525 from jammu division and 1000 from kashmir division were reported on monday. meanwhile 37 deaths were reported 20 from jammu division and 17 from kashmir division on monday in the union abs shk2005 . srinagar jun 1 uni the jammu and kashmir government on tuesday directed private laboratories not to charge more than rs 400 for rt pcr test for covid 19 in the union territory. lucknow jun 1 uni uttar pradesh government has extended the last date for opening the technical bids of global tender for procuring 4 crore covid 19 vaccine to june 10. lucknow jun 1 uni uttar pradesh chief minister on tuesday launched the vaccination drive mission june to target one crore doses. lucknow jun 1 uni though the number of fresh covid cases in uttar pradesh gone down but the casualty rate continued to be high of around 12 per cent. 01 jun 2021 7 48 pm. """
other,"samer mezghani chief operations officer security services specialists 3s with a person displaying iwalker at the booth. milipol qatar 2021 has given many companies opportunity to launch innovative product in qatari market. utilising this opportunity security services specialists 3s has introduced iwalker which is wearable digital signage technology that can run through malls shopping areas or stadiums by placing the device on person s shoulder. speaking to the peninsula on the sidelines of the opening of milipol qatar 2021. samer mezghani chief operations officer security services specialists 3s said this system is introduced first time in qatari market. iwalkers the digital movable media device is developed by scottish technology company nomadix and has developed a background solution. the idea behind is to have a movable media device with screen speakers microphone camera gps 4g wifi bluetooth. as system integrator any kind of solution can be developed that will be suitable with the device. the concept behind the device is to reach where other devices cannot reach which is through the crowds. the person who carries this unit can move easily between people display advertise and interact with them. the communication and discussions can be made with the people around as the iwalker is not just another screen on the wall he added. he pointed iwalkers system uses video feed from the camera for facial recognition mask detection to count people and classification of gender and age group and it records how many male and females have watched the display. on first day of milipol qatar 2021 the product was launched and lot of people took pictures and tried it as the device has caused a lot of interest in the market. mukesh bharti business development manager security services specialists 3s said on the opening day of milipol qatar 2021 our new product called iwalker was launched. it is a digital signage kind of thing where a person can hold this particular device or display on their shoulders and run through malls shopping areas or stadiums. the device can give multiple applications that is any live feed can be uploaded to it. it can be used to promote new brands for number of face recognitions and to find how many people are without mask. so it is a customized kind of thing he added. he said this product is launched for first time in qatar. it can be used for many things like for example any missing child information can be displayed on the screen any incident that happened which the cctv camera was not able to locate can be displayed through the live feed. it has wifi 4g 5g connectivity and whatever application you want to you can run through it. once the unit is charged it can work up to 6 hours with a backup of another battery. the overall weight for the device is almost 6 kg so it is wearable. security services specialists 3s is a subsidiary of midmac contracting company. established in 2013 by a team of security systems experienced it engineers the company s consistent growth can be attributed to its dynamic management and constant endeavor to anticipate customers requirements and provide the best customer satisfaction. qp joins world bank in global fight against routine flaring. qatar petroleum qp announced yesterday that it has joined the world bank led global gas flaring reduction partnership ggfr multi donor trust fund as part of its commitment to stronger collaborations in the global effort to reduce flaring or burning of natural gas associated with oil gas exploration production and processing operations. huawei creates over 1000 jobs in 3 years in qatar. qatar along with the gcc region is leading in 5g deployment and huawei is committed to support 5g development in the country and the region. qiib position as leading bank enhanced sheikh dr. khalid. qatar international islamic bank qiib has maintained stable growth and achieved the best returns for shareholders and best services and benefits for customers said sheikh dr. khalid bin thani bin abdullah al thani chairman of the board and managing director qiib. he was addressing the annual general assembly meeting which was held """
economy,"calgary alberta june 30 2021 globe newswire shaw communications inc. shaw announced today that its board of directors has declared monthly dividends of per class b non voting participating share and per class a participating share payable on each of september 29 2021 october 28 2021 and november 29 2021 to holders of record at the close of business on september 15 2021 october 15 2021 and november 15 2021 respectively. shaw s board of directors reviews the applicable dividend rates on a quarterly basis. shareholders will not be entitled to receive a particular dividend unless they are holders of record on the applicable record date. there is no entitlement to any dividend prior to such date. about shaw communications inc. shaw communications inc. is a leading canadian connectivity company. the wireline division consists of consumer and business services. consumer serves residential customers with broadband internet shaw go wifi video and digital phone. business provides business customers with internet data wifi digital phone and video services. the wireless division provides wireless voice and lte data services. shaw is traded on the toronto and new york stock exchanges and is included in the s p tsx 60 index symbol tsx nyse sjr and tsxv . for more information please visit for further information please contact shaw investor relations . """
health,"bridgeport correctional center . brian a. pounds hearst connecticut media file . unions representing workers at connecticut s prisons want state lawmakers to pay them what is being called heroes pay because of the level of exposure they had to covid 19. sal luciano president of the connecticut afl cio said this is for workers at all of the prisons whether they come in direct contact with inmates or not. for every hour department of correction employees have worked since the start of the pandemic luciano said 1 should be added to their paycheck. if you worked 20 hours in a week an additional 20 should be added he said. if you worked 60 hours you should get an additional 60. luciano and the others who participated in the virtual press conference monday urged lawmakers to take up the issue in the legislative special session. ginny ligi is a corrections officer at the cheshire correctional institution who contracted covid 19 and was out of work for about three weeks. she also is a member of afscme local 387 . we deserve to be treated as heroes not zeros ligi said. during the covid 19 crisis corrections facilities became a petri dish for infection. corrections employees like myself had a one in four chance of contracting covid. she said many corrections employees continue to suffer from long term health impacts and will never be the same. millie brown is the president of the corrections supervisors union that is part of csea seiu local 200. brown said the sacrifices our members took can not be repaid. but ligi said pandemic pay signifies more than just compensation. it is an affirmation of our importance and value as workers she said. debbie williams works as an identification records specialist at the bridgeport correctional center. and though williams works in a clerical position covid doesn t differentiate between workers on the front lines and those who work in the office. funds for the proposed lump sum payments to essential workers would come from federal american rescue plan resources allocated to the state. a total of 19 prisoners have died from covid 19 since the start of the pandemic according to state doc officials. a total of 4546 inmates have tested positive for covid 19 4495 of them have recovered. none of the staff at any of the prisons have died from covid 19 but 1690 have tested positive for the virus. all but four have returned to work according to doc officials. among inmates 4828 have received one dose of the vaccine according to andrius banevicius a doc spokesman. a total of 2697 corrections staffers have received one dose of the vaccine although banevicius said it is likely that additional staff members have received the vaccine outside of work. """
arts,"residents walk along a dirt road in the urus del lago poopo indigenous community which sits along the salt crusted former shoreline of lake poopo in punaca bolivia monday may 24 2021. bolivia s second largest lake dried up about five years ago victim of shrinking glaciers water diversions for farming and contamination. juan karita ap 2 21 residents walk past a cement post decorated with a smiley face and a message that reads in uru i m happy in the urus del lago poopo indigenous community in punaca bolivia monday may 24 2021. none of the inhabitants speak uru the language of their ancestors. however in the past few years they have decided to recover their native language. 3 21 4 21 rufino choque the mayor of the urus del lago poopo indigenous community waits for the arrival of instructors in punaca bolivia monday may 24 2021. lago poopo bolivia s second largest lake gave life to a rich culture since the first men set foot on the altiplano but it dried up about five years ago. we are ancient but we have no territory. now we have no source of work nothing said choque. juan karita ap 5 21 jose choque stands next to his work that he wrote on a dry erase board during a uru language lesson in a classroom in the urus del lago poopo indigenous community in punaca bolivia monday may 24 2021. the last native speakers gradually died and younger generations grew up schooled in spanish and working in other more common indigenous languages aymara and quechua. to save their identities the urus are trying to revive their native language. 6 21 7 21 instructor marina vasquez and student jose choque go over his homework at the local school in the urus del lago poopo indigenous community in punaca bolivia monday may 24 2021. aided by the government and a local foundation community elders have invited teachers from a related branch of the uru to teach their native tongue one of 36 officially recognized bolivian languages to their children. juan karita ap 8 21 abelina choque writes on a dry erase board the uru word for thanks during an uru language lesson at the local school in the urus del lago poopo indigenous community in punaca bolivia monday may 24 2021. this culture uru is in extinction so it needs support from the authorities of the municipality of the government of the national authorities to survive to preserve the culture its cultural heritage says wilson alvarez ticona director of the uru murato school. 9 21 10 21 abelina choque stands inside her classroom next to her work left she wrote out on a dry erase board during an uru language lesson in the urus del lago poopo indigenous community in punaca bolivia monday may 24 2021. the instructors teach us the language with numbers songs and greetings said choque a 21 year old student who said she one day would like to teach mathematics. it s a little difficult to pronounce. juan karita ap 11 21 members of the choque family from left jose evarista flores rufino abelina and abdon pose for a photo in the urus del lago poopo indigenous community in punaca bolivia sunday may 23 2021. with no land for farming the young men hire themselves out as laborers herders or miners in nearby towns or more distant cities. they see the money and they do n t return said abdon. 12 21 13 21 a resident removes her dried laundry from a clothesline in the urus del lago poopo indigenous community in punaca bolivia sunday may 23 2021. our grandfathers thought the lake would last all their lives and now my people are near extinction because our source of life has been lost said luis valero leader of the uru communities around the lake. juan karita ap 14 21 a stuffed flamingo hangs in the home of mayor rufino choque in the urus del lago poopo indigenous community in punaca bolivia sunday may 23 2021. for many generations the homeland of the uru was n t land at all it was the brackish waters of lake poopo. choque said the uru people of the water began settling on the lakeshore several decades ago as the lake began to shrink. 15 21 16 21 handmade dolls depicting an uru family lay on a woven textile in the home of evarista flores in the urus del lago poopo indigenous community in punaca bolivia monday may 24 2021. for many generations the uru people of the water would build a sort of family island of reeds when they married and would survive on what they could harvest from the broad shallow lake in the highlands of southwestern bolivia. juan karita ap 17 21 sweaters hang on a clothing line as the sun sets in in the urus del lago poopo indigenous community in punaca bolivia sunday may 23 2021. since the lake dried up about five years ago the uru people of the water are left clinging to its salt crusted former shoreline scrabbling for ways to make a living. 18 21 19 21 a feather is caught in a blade of straw in the entrance of a home in the urus del lago poopo indigenous community in punaca bolivia sunday may 23 2021. to save their identities the uru communities are trying to revive their native language or at least its closest sibling. the last native speakers gradually died and younger generations grew up schooled in spanish and working in other more common indigenous languages aymara and quechua. juan karita ap 20 21 mayor rufino choque is silhouetted against a sunset sky in the urus del lago poopo indigenous community in punaca bolivia sunday may 23 2021. our grandfathers thought the lake would last all their lives and now my people are near extinction because our source of life has been lost said luis valero leader of the uru communities around lake poopo bolivia s second largest lake that dried up about five years ago. punaca tinta maria bolivia ap for many generations the homeland of the uru people here was n t land at all it was the brackish waters of lake poopo. the uru people of the water would build a sort of family island of reeds when they married and would survive on what they could harvest from the broad shallow lake in the highlands of southwestern bolivia. they collected eggs fished hunted flamingos and birds. when they fell in love the couple built their own raft said abd n choque leader of punaca a town of some 180 people. now what was bolivia s second largest lake is gone. it dried up about five years ago victim of shrinking glaciers water diversions for farming and contamination. ponds reappear in places during the rainy season. and the uru of lake poopo are left clinging to its salt crusted former shoreline in three small settlements 635 people scrabbling for ways to make a living and struggling to save even their culture. our grandfathers thought the lake would last all their lives and now my people are near extinction because our source of life has been lost said luis valero leader of the uru communities around the lake. not long before the lake was lost the language of the uru cholo had perished as well. the last native speakers gradually died and younger generations grew up schooled in spanish and working in other more common indigenous languages aymara and quechua. to save their identities the communities are trying to revive that language or at least its closest sibling. aided by the government and a local foundation they have invited teachers from a related branch of the uru the uru chipaya near the chilean border to the west to teach that tongue one of 36 officially recognized bolivian languages to their children. but we are making efforts to maintain our culture valero said. our children have to recover the language to distinguish us from our neighbors. the instructors teach us the language with numbers songs and greetings said avelina choque a 21 year old student who said she one day would like to teach mathematics. it s a little difficult to pronounce. the pandemic has added to that struggle. the teachers have been unable to hold in person classes during the pandemic leaving students to learn from texts videos and radio programs.punaca mayor ruben choque said the uru began settling on the lakeshore several decades ago as the lake began to shrink though by then most of the lands around them had been occupied. """
sport,"cif city section championship. san pedro the fourth seed in the open division playoffs will host no. 11 el camino real saturday at 11 the pirates 16 8 have yet to allow a run in the playoffs shutting out banning 14 0 and birmingham 7 0 . ecr defeated san pedro 9 8 in the 2010 championship game. city section track and field championships . wednesday the boys city section track and field championships took place at birmingham high . here are some local highlights carson s marcus hughes finished fourth in the 1600 invitational 4 and eighth in the 3200 invitational 10 . carson s jaden jones finished first in the 100 invitational and lavelle sowell was second in the 100 championship . san pedro s burrell adams posted a third place finish in the 200 invitational and his teammate tyler barnes was sixth . the girls championships took place thursday evening. todd butler rejoins west torrance football staff . before taking the football coaching job at st. pius x st. matthias academy in 2015 todd butler spent time at redondo and west torrance as an assistant coach. earlier this week it was announced that butler had stepped down as coach at st. pius x and will be returning to west as co head coach working with current coach greg holt. """
health,"australia post ap told workers on may 26 it would not seek an extension of temporary regulatory relief measures exempting the government owned postal service from its obligation to provide daily letter delivery throughout the country. the announcement means an official end to the alternative delivery model adm on june 30 which the communications electrical plumbers union cepu has heralded as a victory for ap workers. the union declared members have won this incredible achievement off the back of a dedicated campaign within our communities and in our parliament. in fact postal workers have won nothing. the announcement is a clear indication of ap s confidence that the union will continue to work closely with management to ram through permanent restructuring as part of negotiations for the next enterprise agreement ea . the cepu s claim that the end of the adm represents an incredibly positive step should be seen for what it is an attempt to blind workers to the attacks being prepared by management and the union. the union has provided virtually no information to justify its assertions of victory. postal workers must demand full details of what the cepu officials have been discussing with management what ap has been pushing for in the new agreement and what the union has already agreed to. workers should insist that they will not vote on any agreement without these details and its full text. this is all the more necessary given the scale of the changes that have been introduced under the adm initiated in april 2020. some 2000 posties were transferred to the company s lucrative parcel delivery section where they had to cover four beats and 2000 more became floaters who could be shunted to any area of the business by management. postal workers now routinely face 12 hour days and in the manner of the gig economy van drivers are subject to disciplinary action if they fail to deliver items in the precise order prescribed by an electronic optimiser. the cepu has given no indication of how these arrangements which are already in place are to be wound back or what is to replace them. it has not stated that it is fighting for an increase in staffing an essential precondition for an end to gruelling overtime which postal workers must demand. nor has it said anything about the prospect of redundancies even though thousands were threatened last year. the adm was not a response to the covid 19 pandemic as claimed by management and the union but was in reality one step in a process of restructuring conceived well before the pandemic broke out. the central aim of these moves recommended in a 2019 boston consulting group review commissioned by the federal government is to drastically reduce costs in ap s declining letter delivery business and prepare the lucrative parcel delivery division for privatisation. the recent senate inquiry has made clear that while ousted ceo christine holgate and ap board members disagreed over the precise details of the restructure there is no section of the company s management or the australian ruling class as a whole that opposes the eventual privatisation of ap in one form or another. over the past 12 months the union has demonstrated its full agreement with this agenda enforcing the adm in the face of widespread opposition. behind the backs of workers the union signed a memorandum of understanding last july assuring management that it would enforce the restructure and that no industrial action would be carried out for 12 months. the recent announcement has changed nothing. the union has made clear that a new delivery model will be a central component of the next ea writing in our view eba10 can simply not be finalised without this forming part of the overall eba10 package. the union wrote on may 26 a future delivery model means a new way forward great. but what is critically important at this stage is determining what kind of role our members can and should play in that important process. there is nothing great for postal workers about a different delivery model that will inevitably bring cuts to jobs and conditions. any new or revised delivery model hatched between ap management and the union will be great only for the profits and future privatisation of ap. on june 10 the cepu told workers it was seeking to put members in the driver s seat in determining how any new model would be developed and implemented. accepting the restructuring as an inevitability and providing no details about how workers would be involved in its implementation the union said there were just a few outstanding matters of contention. it was overly confident that agreement could be reached so that we can bury adm once and for all. the reality is the adm was implemented with the support of the union while workers were simply forced to accept it. this must be a warning to workers the door has been well and truly opened for the process of restructuring and ultimate privatisation to proceed. the june 10 update advanced no demands but outlined several meagre principles that the new model must address. the principles are one run per postie delivering five days per week the ongoing maintenance of traditional take home pay components restoring entitlements and benefits lost across all workforce areas impacted by the temporary reform and covid 19 changes sufficient resourcing modelled around quality permanent jobs and where that work offering can efficiently be modelled around full time employment this should always be the preferred method of engagement. given the union s track record workers would be making a grave mistake to think that the cepu officials have any great commitment to these principles. and even still the final principle shows that the cepu has no intention of opposing the increased use of casual and contract labour as long as management deems it more efficient than providing secure full time employment. nothing will be resolved in negotiations with management over the next ea. the union continues to fully support restructuring albeit within the framework of the enterprise bargaining process. when the adm was first announced last year management declared that failure to accept would result in mass job cuts. the company s calculations have not changed in the interim meaning that any deal struck by the union will allow for job destruction cost cutting through the erosion of conditions or both. workers should place no confidence in the cepu and instead fight to build the postal workers rank and file committee pwrfc . the pwrfc calls on the union to make public all details of discussions with ap management. workers have a right to know the details of the negotiations and what delivery models are being discussed between ap management and the union. in april the pwrfc wrote the following . in order to fight this ongoing offensive the postal workers rank and file committee calls on postal workers to reject the entire enterprise bargaining straitjacket and anti strike laws that the unions have enforced against the working class since the unions accords with the hawke and keating labor governments in the 1980s and 1990s. we urge our fellow workers to join the rank and file committee which is completely independent of the cepu to advance the demands needed to defend the jobs and basic rights of postal workers. the immediate ending of the adm and all attempts to impose a new version of it. the government s boston consulting group secret report and its recommendations must be made fully public. all fixed term contract workers and casuals must be given full time positions. increase full time staff to deal with extra parcels and reduce the workload on existing staff. recast beats on the basis of finishing within rostered hours. rank and file committees must be established to plan and control the organisation of beats and other aspects of production. 10 percent wage increases per year with absolutely no trade offs. postal workers must receive a living wage to meet the escalating cost of living. all statistical information about the level of accidents and mental health issues as a result of the adm to be reported to the workers. rank and file committees must be elected independent of management and the unions to organise and fight for the protection of workers health and safety. these committees will give regular reports to the workers and make the necessary recommendations. workers whose health has been affected must be paid their full wage including overtime until they make a full recovery and can carry out their regular duties with no management harassment. stop the surveillance of postal workers and end the ban on public comments by australia post staff to expose management practices. australia post must be transformed into a genuine public utility under real public ownership and the democratic control of the working class to meet the needs of society including the basic social right to a secure and affordable postal service. we call on workers to build and expand our committee to discuss and prepare for the full mobilisation of all postal workers in a campaign of mass industrial and political action to fight for these and other agreed demands. contact the postal workers rank and file committee at """
lifestyle,"news feed neighbor posts calendar . cleveland heights oh . middleburg heights berea oh . mayfield hillcrest oh . week two of the 1 million lottery giveaway saw more than 450000 more ohioans register for a chance to win. ohio ohio s second vax a million lottery winner was selected monday and will be announced wednesday. an additional 28518 students registered for a chance at a college scholarship the ohio department of health and ohio lottery announced tuesday. lottery winners are selected using a random number generator. a representative from the ohio auditor of state s office observes the selection of the winner. read more vax a million winner is shaker heights graduate . if you miss the deadline for the second lottery you ll have three more weeks to get vaccinated and registered for the contest. additional drawings will be held every week for three weeks. once you enter your entry will be carried over through all the drawings. you do not need to submit your name each week. the entry list will be reviewed and all duplicate entries will be removed prior to each week s drawing. in addition any winner will be removed from the eligible draw list for subsequent drawings the ohio department of health said. the lottery is an opt in program meaning vaccinated residents are not automatically entered into the contest. instead residents must register online at those without internet access can also enter by phone at 1 833 4 ask odh 1 833 427 5634 . vax a million lottery 450000 more ohioans register . """
disaster,"on the very first day delhi metro rail services resumed its operations after nearly a month of complete suspension due to the raging second wave of covid 19 pandemic commuters on monday were seen breaking norms put in place. during metro rides from east delhi s nirman vihar metro station to rajiv chowk in the bule line and from rajiv chowk to ina market yellow line despite regular announcements at metro stations that standing passengers were now allowed rules were not followed. complying with delhi disaster management authority s ddma guidelines on covid appropriate behaviour the delhi metro rail corporation dmrc started its services with 50 per cent seating capacity. the government on saturday announced that no passenger will be allowed to stand in metro coaches however many were seen breaking it on monday. delhi has been under strict lockdown due to unprecedented surge in covid cases since april 19. while the metro services were completely suspended on may 10. now as covid cases and daily positivity rate continues to decline the delhi administration has started phase wise unlocking exercise. in the process for the second consecutive week after permitting for construction and manufacturing factories since may 31 ddma in its order issued on saturday has allowed to open markets and malls in delhi on alternate day odd even basis which will be decided on the basis of shop s number. apart from all these government and private offices will also reopen and to ensure covid appropriate behaviour delhi police personnel have been deployed outside metro stations. umed singh a police official deployed at connaught place said we have been directed to ensure that people do not assemble at one place and follow covid guidelines. we have to make video of public movement. """
education,"as a onetime academic i ve always been of two minds about the institution of tenure. in theory it protects intellectual freedom. in practice however junior faculty become so accustomed to keeping their heads down seeking a lifetime sinecure that timidity becomes second nature. they confine their heterodox opinions to the faculty lounge. so i m puzzled that a nationally famous journalist like the new york times nikole hannah jones thinks she needs it. the hullaballoo at the university of north carolina provoked by its board of trustees declining to include tenure in its offer of a 5 year 180000 per annum contract has become a symbolic struggle on depressingly familiar racial terms. i quite doubt she intends to make a career in chapel hill. sometimes however symbolic struggles are worth having. but do spare me the high flown rhetoric about unc s inviolable academic standards. this is the school whose department of african and afro american studies got caught awarding phantom a grades to varsity athletes for classes that never met. but back to today s racial controversy. nikole hannah jones of course is the author of the times s celebrated and controversial the 1619 project an ambitious attempt to reassess american history through the shame of slavery. it s unc s hussman school of journalism that has offered her the job. and that in turn has drawn the interest of arkansas democrat gazette publisher walter hussman the school s namesake whose 20 million gift to his alma mater ensures that his phone calls and emails will always be answered. three big things trouble hussman about the 1619 project. first its monthly magazine style blend of fact and opinion which the publisher finds unseemly. times readers know what they re getting. more substantively hussman objects to what serious historians have called into question about the work its assertion that the revolutionary war was fought largely to prevent the abolition of slavery in the 13 colonies. according to the chronicle of higher education hussman was greatly influenced by a politico column by northwestern professor leslie m. harris headlined i helped fact check the 1619 project. harris had warned that the insupportable claim would give critics an excuse to disregard an otherwise important work which is exactly what happened. but should a piece of journalism whose headline allegation is somewhere between dubious and downright false be lionized ok so hannah jones has earned a pulitzer prize. but would she be offered tenure in a first rate history department princeton historian sean wilentz who has publicly criticized her work put it this way there are no doubt reasons to object to awarding a tenured position on the faculty to hannah jones in which scholarship and qualifications are the primary considerations. the substance of her work on the 1619 project is controversial. so is her choice to sometimes dismiss and demean her critics instead of engaging with their arguments on the merits. wilentz nevertheless emphasizes that the decision is the unc faculty s to make not politically appointed trustees or alumni donors. yeah well good luck with that. unc is a publicly funded university a liberal bastion in a largely conservative state. if hannah jones has become a partisan lighting rod it s a role she s clearly chosen. and yes it s all about race. as for mega donor hussman he s found himself pillored in slate as a mini rupert murdoch which is surely unfair to anybody familiar with the newspapers he publishes. the democrat gazette s news coverage is vastly superior to any newspaper in the region and hussman has risked a lot by offering ipad subscriptions complete with ipads to cut printing costs. i wrote a column there myself during the clinton and george w. bush years. although i m confident he disagreed with most of my opinions hussman never interfered. when the publisher says he resents hannah jones assertion that black americans fought back alone he s thinking about white arkansas journalists who risked everything and won pulitzer prizes championing racial justice from the 1957 central high integration crisis onward. one such the late paul greenberg edited the arkansas democrat gazette. we did n t agree about much else but greenberg stood strong for racial justice at a time when it could get a man killed. indeed he was the editor and hussman the publisher when i got the dixie chicks treatment unceremoniously dumped from a half time teaching job after several columns lampooning the propaganda barrage used to sell the iraq war. this is n t conservatism i d written. it s utopian folly and a prescription for endless war. the dean said the college had no funds to pay me transparently false. i d taken the job to help the college out of a tight spot after a senior professor fell ill. colleagues pretended they did n t know i d been sent away. students were told i d resigned. """
environmental,"do you really know which sunscreen is best for you read on to find out the two kinds of sun filters used in sunscreens and make an informed choice. choose the right sunscreen for your skin by following these tips as shared by an expert . it is undeniable that applying any sunscreen is better than wearing nothing at all. sunscreen is an essential preventative health care habit that should be used all year. it is important to include sunscreen in your daily routine. but  finding the best sunscreen suitable for your skin type  on the other hand  can be a difficult task. so  how do you know which sunscreen is best from the plethora of options you have well  the answer is very clear opt for the one made only with minerals like zinc oxide titanium dioxide and does not contain chemical sun filters. there are two kinds of sun filters used in sunscreens . chemical or organic based sun filters like homosalate  octinoxate  octocrylene  avobenzone  oxybenzone benzonephenone work by absorbing harmful sun rays. physical or mineral  or inorganic sun filters like zinc oxide and titanium dioxide work by reflecting the sun s rays. so basically  either by absorbing or reflecting  these sun filters protect skin from harmful uva uvb rays. both methods are equally competent in terms of sun protection  so choosing any sunscreen with sufficient spf rating and pa is reasonably fine. apart from efficient uva uvb filtering  there are a few more important aspects of sun protection to consider. these are absorption  pore obstruction  and skin sensitivity. chemical sunscreens have the potential to penetrate the skin  which is undesired and can be difficult to tolerate for those with sensitive skin. mineral sunscreens  on the other hand  do not enter the skin and can even reduce skin sensitivity. as a result  mineral based sunscreens are comparatively more preferable to chemical based sunscreens. however  when searching for mineral sunscreen  there is one thing to keep in mind. mineral sunscreens have the appearance of natural white clay. when applied to the skin  they may leave a white patch  which may be unappealing to your overall appearance. to avoid this  several formulators have begun to utilize nano sized zinc oxide and titanium dioxide  which do not produce a white patch but may induce pore blockage because of their small size. so  the obvious question is  is n t it feasible to make a sunscreen composed entirely of mineral sun filters that do not clog pores or create a white spot on the skin there are quite a few sunscreens available in the market that are built entirely of natural  non nano sun filters to minimise the formation of white patches on the skin. sunscreen is an excellent way of protecting your skin from the sun s harmful rays. while you re usually thinking about sunscreen when the weather becomes hot  it s a good idea to apply it all year. you can protect yourself from sunburn  skin reddening  and other sun damage by implementing easy and efficient precautions. most dermatologists recommend using mineral based sunscreens  so find one that works best for """
environmental,"beijing ap elephants in a wandering herd in southwest china walked down urban roads and poked their trunks through windows as they neared a chinese city and authorities rushed to protect both the animals and people. it s not clear why the 15 elephants have made their long trek which has been documented and monitored both on the ground and from the air by a dozen drones. authorities have urged people in the area to stay indoors and are blocking roads with construction equipment while seeking to lure the animals away with food. the elephants have already walked 500 kilometers 300 miles from a nature reserve in yunnan s mountainous southwest. they appear healthy in images showing them roaming through farmland villages and down paved roads at night in urban areas. on tuesday they turned up at a retirement home and poked their trunks into some of the rooms prompting one elderly man to hide under his bed according to residents interviewed by online channel jimu news. the xinhua news agency reported thursday the herd by late wednesday night had reached the jinning district on the edge of kunming a city of 7 million people that is the capital of yunnan province. the government of the semi rural district issued a notice urging residents not to leave corn or other food out in their yards that might attract the animals and to avoid contact with them. it was forbidden to surround and gawk at the elephants or to disturb them by using firecrackers or other materials the notice said. sixteen animals were originally in the group but the government says two returned home and a baby was born during the walk. the herd is now composed of six female and three male adults three juveniles and three calves according to official reports. no injuries have been reported but reports say the elephants have damaged or destroyed more than 1 million worth of crops. when and how the elephants will be returned to the reserve is n t clear. elephants are the largest land animals in asia and can weigh up to 5 metric tons. """
humanInterest,"against a north facing wall beneath a deep roof overhang under the branches of a large tree dry shady spots like these are among the most challenging places for plants to grow. it s a double whammy said julie janoski plant clinic manager at the morton arboretum in lisle. there s not much sunlight which plants need to make their food. but there s also a short supply of water because not much rain reaches the ground under a roof or beneath the leaves of a tree. even a vertical wall or fence can create a dry spot if it stands against the prevailing wind and blocks windblown rain. plants beneath a tree meanwhile must compete for water with the tree itself. the whole area of soil around a tree s trunk is full of tree roots janoski said. they ll absorb a lot of the rainfall that does manage to penetrate the tree canopy and reach the soil. hostas are among the plants that can grow under a mature tree where conditions are usually dry as well as shady. they will need watering especially in the first year or two until their roots are well established. you can still have an attractive garden in dry shade. you ll need to choose plants that can tolerate drought and get along on not much sunlight she said. among the ground cover plants that work well in dry shade are barrenwort epimedium bugleweed ajuga reptans creeping lilyturf liriope spicata and the native canadian wild ginger asarum canadense . some taller perennials such as hostas and siberian bugloss brunnera macrophylla can also tolerate the conditions. all these plants will need regular watering for the first year or two until they are well established. other shade tolerant plants such as hostas ferns pigsqueak bergenia bleeding heart dicentra spectabilis and wild columbine aquilegia canadensis will grow in dry shade if you keep the soil moist. watering plants under a tree will help the tree as well since its roots are all around. you can find many more options through the arboretum s tree and plant database at and plants. the plant clinic can also make suggestions for your site. when it comes to gardening in dry shade the most important step is recognizing it janoski said. many people expect open areas to dry out in the hot sun she said. they don t realize that shady places also can be dry. growing conditions can vary greatly within a single yard she said. if you pay attention to the differences from one spot to another you ll be a much more successful gardener she said. you ll be able to choose the right plants and give each area the care its plants need. """
lifestyle,"national lottery operator camelot revealed sales jumped nearly 6 in the past year as bored households turned to lottery tickets scratchcards and online games in record numbers. the company said as a result of the high uptake donations to good causes hit billion including billion in covid 19 support making the lottery the biggest single financial contributor to the pandemic relief effort outside of the government. in the year to the end of march revenues hit billion up million on the same period a year earlier including billion through its main lotto draws. camelot s euromillions sales also grew marginally although there were falling ticket sales in some partner countries the company added. chief executive nigel railton explained that lottery operators in europe were hit hard but camelot boosted sales through improving relations with retailers introducing new games and boosting investment in its online platforms. if we look across to other lotteries in europe france was down about 12 spain turned off their retail channel for a considerable period and their sales were down significantly too. with much of the high street shut during large swathes of the year physical scratchcard sales were down especially in the first half of the year although this was offset by strong growth in their sales online hitting total sales in the instants category of billion. around million extra digital players registered online with the average weekly spend up less than 3 with fewer than two online instant games played per person per week on average the company said. as a result of the boosts in sales a record billion was handed out in prizes up million on a year earlier with 389 millionaires created. the pandemic hit total in store sales including traditional lottery tickets which fell from billion to billion in the past year. by the half year it was down due to the lockdowns although they recovered in the second half and since the end of march retail sales are nearly back to pre pandemic levels. but overall online sales helped offset the fall with billion handed over via the national lottery s website up on a year ago. as a result bosses have approved an accelerated investment plan for the digital channel to ensure additional traffic could be accommodated. within digital mobile sales grew by million to an all time high of billion primarily through the national lottery apps. mr railton said the push in online would go hand in hand with increasing work with high street retailers and signing up new customers including recent deals with iceland and aldi. he said our philosophy is that we encourage people to play on both online and in stores. we ve got 45000 retailers and they will continue to be the backbone of the national lottery in the future. retail will remain at the heart of the national lottery because it s really important to the local community. online gaming in the uk has faced heavy scrutiny in the past year with the gambling commission carrying out a review into online casinos following a huge spike in use during the pandemic. the regulator is particularly concerned about high speed casino games where customers can spend huge amounts in very short spaces of time. but mr railton said camelot has no plans to move into faster games. he added the gambling commission has to do its piece of work and we will look at it with interest. the national lottery is distinct from gambling it s the connection with good causes that really differentiates the national lottery from gambling completely. """
environmental,"sharjah is home to as many as 15 nature reserves including two marine reserves and 13 land reserves. guided by the vision and directives of his highness dr sheikh sultan bin mohammed al qasimi supreme council member and ruler of sharjah the emirate has been taking relentless and extraordinary steps to cement its global reputation in the field of environmental conservation and preservation of biological diversity. the emirate has become a role model in environmental innovation and sustainability and has several achievements to its credit thanks to the constant attention and personal involvement of the ruler of sharjah. on june 5 each year the united nations celebrates world environment day to spread the culture of environmental preservation among all inhabitants of the planet and making them aware of their responsibility to check wrong ecological practices. under the directives of sheikh sultan sharjah has played a pivotal role in preserving its biological diversity by giving the environment the highest attention. under the directives and guidelines of the ruler of sharjah the emirate has made qualitative leaps in the field of the environment through the establishment of natural reserves the launch of various environmental projects and initiatives and the support of studies that suggest ways of preserving environmental diversity and finding radical solutions to protect the animal and plant cover. represented by the environment and protected areas authority epaa sharjah has developed an infrastructure partnership at the national and regional levels. this is exemplified by a set of joint scientific and field plans and studies that have been adopted to preserve endangered species and exchange information on empirical methods for establishing natural reserves and rehabilitating developing and preserving ecosystems. hana al suwaidi chairperson of the environment and protected areas authority said under the directives of his highness dr sheikh sultan bin mohammed al qasimi supreme council member and ruler of sharjah the emirate has played a pivotal role in preserving the environmental cover and preserving its biological diversity by giving the environment the highest attention and by creating natural reserves and benefitting from the experiences of top experts and researchers in this field. she added sharjah has registered many achievements in the field of protecting biological diversity and has launched many research studies and projects to preserve its ecosystems. the ruler of sharjah has been keen to protect and preserve the emirate s environment biodiversity and wildlife and check its erosion. the emirate has also successfully helped the reproduction of many endangered organisms. the epaa chairperson stressed the celebration of world environment day which falls on 5th june each year promotes global awareness of the need to preserve the environment by checking wrong and harmful ecological practices such as the use of toxic chemicals and unhealthy waste disposal. the epaa chief pointed out that during the past few years the emirate has taken huge in environmental protection and preservation of its biological diversity. a number of projects have been launched and many research studies have been conducted over the past few years. over the past few years sharjah has succeeded in the first experiment to breed the arabian kingfisher bird and to explore the first nesting of olive ridley sea turtles in the mangrove reserve of kalba which is the first nesting of this species in the uae. the emirate has also initiated the study of the nesting of hawksbill turtles in the sir bu na ir island. the emirate has also completed work on the coral reef cultivation project on sir bu nair island and hamriyah coast. sharjah has also been keen to protect and breed the traditional wildlife of the arabian peninsula region including the arabian leopard the arabian oryx the reem gazelle the arab tahr the egyptian eagle and other endangered animals. sharjah is home to as many as 15 nature reserves including two marine reserves and 13 land reserves. the emirate has also successfully helped the reproduction of many endangered organisms. dr sheikh sultan inaugurated the khor kalba mangrove centre earlier this year. al buhais geological park and al dhaid wildlife centre were opened in 2020. sharjah has also been keen to protect and breed the traditional wildlife of the arabian peninsula region. al suwaidi pointed out that the epaa has undertaken several community environment awareness programmes including the afforestation of al muntather reserve campaign which is held annually to increase the green areas cover and emphasise the importance of indigenous plants and achieve sustainability in wildlife areas. the epaa has also undertaken campaigns to raise awareness about the mountain environment and the need to preserve it. the authority also organises cleaning campaigns in various areas in the emirate such as beaches desert and mountain areas in addition to organising various educational workshops and lectures for school students and visitors and educational programmes such as the together for a beautiful summer and the desert spring park. the epaa participates in various exhibitions and events held in the uae to spread awareness in addition to participating in global environmental celebrations such as earth hour and world animal day and other events that address the most important environmental issues to educate the community. the epaa also hosts the sharjah sustainability prize which is an annual environmental award conferred on creative individuals and students from schools and universities for their contribution to distinguished projects providing sustainable environmental solutions to environmental challenges. under the leadership of dr sheikh sultan sharjah is working to offer guidance and leadership in environmental protection work and build a system of effective partnerships to achieve sustainable development and to increase efforts to protect the environment wildlife and biological diversity in their natural environment and habitats. """
weather,"last year healing waters a company that serves the poor empowers women and strengthens communities through clean water provided water from innovative water purification systems to nearly 250000 people in 16 countries. yet healing waters marketing and development . the increasing scarcity of freshwater resources is driving the adoption of innovative water treatment technology especially when dealing with large scale water infrastructure projects. over the past five years however the industry s comfort zone has been challenged to the point where innovative . weftec 2019 focus on people and water . the 2019 unleash innovation lab in shenzhen china guided talented young professionals in developing solutions that can be implemented cost effectively to meet un sustainable development goals. journal of water and climate change publishes novel peer reviewed research and practitioner papers on all aspects of water science technology management and innovation in response to climate change with emphasis on reduction of energy usage. review papers are particularly . started in 2000 by a set of water professionals everythingaboutwater is a name to reckon within the water industry. the objective of the magazine is to make water professionals . water canada is pleased to present water s next our annual publication dedicated to highlighting significant contributions to canada s waterscape. here you ll read about some of the fascinating people projects businesses and innovation that are making a . "" "
disaster,"broan nutone develops the first cloud connected whole home indoor air quality system broan nutone develops the first cloud connected whole home indoor air quality system . overture is the only fully integrated system that monitors and optimizes indoor air . hartford wis. june 30 2021 prnewswire over the past year americans have drastically changed the way they live from increased cleaning to a heightened concern about airborne threats in the home. however they do n t know or understand the infinite sources that cause poor indoor air and even if they have ventilation systems such as range hoods bath fans and whole home fresh air systems they are n t using them properly. builders and remodelers can now provide homeowners with a system that monitors and optimizes the air in their home with broan nutone s new connected indoor air quality system overture. overture connects a home s supply and exhaust ventilation to monitor the quality of air and turn on automatically when air quality levels are low. the system is fully integrated into a home s supply and exhaust ventilation and can be installed in new construction or remodels without the need for an incremental hub meaning it can be controlled from the cloud. overture operates with new or existing products using specialized switches and sensors. installation is a breeze in either scenario. full control over your home s air quality is in your hands. overture provides a fully customizable automated indoor air quality system that delivers up to the minute reporting on the home s indoor air quality and how the system is acting to maintain constant fresh airflow. when it detects a rise in indoor air pollution caused by increased humidity vocs smoke carbon dioxide and small particles sometimes referred to as the system will automatically turn on the nearest ventilation fan to eliminate the pollutant while simultaneously bringing in fresh clean air from outside. the entire system is easily managed with an app where you can see live snapshots of your home s indoor air quality individual rooms air quality and historical data. at broan nutone we are dedicated to helping consumers improve their indoor air quality and overture provides an easy way to monitor and maintain healthy air in the home said edwin bender vp of marketing broan nutone. sensors detect when humidity and pollutants are present and automatically switch on the appropriate broan nutone ventilation fan rangehood erv hrv or supply fan. it automatically mitigates the issue through a balance of exhaust and fresh air. indoor air can be 2 to 5 times more polluted than outdoor air and we spend 90 percent of our time inside. poor indoor air has short term and long term health effects ranging from irritated eyes and a stuffy nose to more severe issues such as respiratory diseases. consumers include impact on health an important criterion when they make building product purchases. in fact between 65 and 70 percent consider it more important than comfort performance cost aesthetic and durability. for more information visit http broan nutone llc is north america s leading manufacturer and distributor of residential ventilation products including range hoods ventilation fans heater fan light combination units balanced ventilation systems iaq built in heaters attic ventilators and residential built in convenience products including doorbells and central vacuum systems. broan nutone llc is proud to be an energy star partner. https releases broan nutone develops the first cloud connected whole home indoor air quality system . """
disaster,"awwa testimony pfas regulation should emphasize science source water protection . federal regulation for per and polyfluoroalkyl substances pfas should be grounded in science and prioritize source water protection the american water works association awwa stated during recent testimony on capitol hill. speaking before the senate committee on environment and public works on june 9 tracy mehan pictured right awwa executive director of government affairs said awwa recognizes pfas as a growing concern that merits swift and serious attention. the safe drinking water act mandates a consistent transparent and science based process for considering new regulations said mehan a former state and federal regulator. awwa supports following the steps outlined in the safe drinking water act to assure pfas risks are effectively and efficiently reduced from our drinking water. in related news the environmental protection agency epa announced on june 10 the three actions listed below to better protect communities from pfas pollution. issuing a proposed rule to gather comprehensive data on more than 1000 pfas manufactured in the united states . withdrawing guidance that weakened epa s july 2020 significant new use rule snur restricting certain long chain pfas . publishing a final rule that officially incorporates three additional pfas into the toxics release inventory tri . during mehan s senate testimony he stated that source water protection is the best way to keep drinking water safe for consumers. awwa has urged epa to utilize existing laws such as the toxic substances control act tsca to understand and control pfas risks before introducing harmful substances into commerce. awwa also believes that pfas producers not consumers or water utilities should be liable for cleaning up drinking water and the environment. mehan stated that in addition to sdwa tsca also helps protect public drinking water by empowering the epa to manage naturally occurring and human made risks to drinking water. utilizing these existing authorities awwa believes that epa should . provide a report in one year describing the location of pfas production import processing and use in the united states for individual pfas compounds based on data collected through tsca. this report should be updated every two years. describe actions taken or planned under tsca to restrict pfas production use and import and communicate the associated risks to the public. describe actions taken by other federal agencies regarding pfas specifically the departments of defense and health and human services. provide congress with an annual report on statutory and non statutory barriers encountered in collecting and distributing pfas information to inform risk management decisions by epa states and local risk managers. mehan s testimony also stressed the importance of more research before epa determines standards for pfas. additional funding for research is needed to properly assess and address the human health effects of exposure to pfas identify analytical methods that quantify pfas levels in source water drinking water and wastewater and further develop technologies to cost effectively remove pfas compounds to levels that do not pose a human health concern he said. mehan discussed the need for proper funding to conduct the necessary research in the following areas . health effects data on which pfas compounds pose a human health risk and there are more than 3000 pfas compounds . analytical methods to quantify levels of pfas compounds in environmental samples natural waters wastewaters soil finished water . technologies to cost effectively remove problematic pfas compounds from drinking water and wastewaters to levels that do not pose public health concerns . more than 25 states have formal policy statements on pfas management in drinking water and even more have policies aimed at controlling the release of pfas from contaminated sites. six states currently have maximum contaminant levels in place for pfas and other states have mcls in development. awwa stresses the importance of allowing epa to conduct the appropriate research outlined above using the powers afforded it in tsca sdwa and other statutes to best inform the regulatory process mehan stated. more information and resources about pfas are available on awwa s pfas resource page. """
humanInterest,"sponsored content provided by the happy gardener lisa mulroy rainbow gardens . the happy gardener lisa mulroy rainbow gardens show more show less 2of3 . the happy gardener lisa mulroy rainbow gardens show more show less . when summer arrives in san antonio esperanza shows off while many of our blooming plants are shutting down. many plants just can t handle the high temperatures we face june august. however today we are celebrating a plant that can. the sunshine yellow blooms of the south texas native esperanza or tecoma stans will see you throught the hottest days and right up to the first hard freeze. it s no wonder that esperanza is a favorite choice in san antonio year after there are multiple varieties of esperanza available. there is gold star esperanza which has earned its place on the list of texas superstar plants orange jubilee bells of fire and sierra apricot just to name a few. while these varieties may vary in color and mature height they all provide gorgeous trumpet shaped flowers in abundant clusters and they all attract can easily brighten up your summer landscapes with flowers that seem inspired by the golden yellow sun itself. you can find blooms in a range of hues resembling the sunrise to sunset and everything in between. just look at the names listed above and you ll get a pretty good idea what color flowers you are in for with each esperanza variety. let s give you a little eye candy and offer you the details for growing esperanza in your own landscapes and container gardens. we will mostly be focusing on the native reliable gold star esperanza but the care is basically the same for all varieties. industry tip always double check cold tolerance for whichever variety you choose. 3 tips for growing esperanza in san antonio follow these tips for success with esperanza in your landscapes. 1. esperanza not only offers you the colors of sunshine they thrive in it once established esperanza is very drought and heat tolerant living in san antonio that is a must for most of our plants. a little afternoon shade is ok but if you plant esperanza in too shady of an area you ll sacrifice the while esperanza can tolerate being planted in a variety of soils they do not like their roots sitting in water. well draining soil means that water should drain away in about 3 5 hours a reasonable amount of time after irrigating or rainfall. if water is still pooled up and creating puddles after that time you ll need to amend soil to help with draining. this can be done with the addition of soil amendments like sand peat moss and soil conditioners. if you don t want to amend soil and can t find a suitable place in the ground of your landscape plant in a container with draining holes and use a quality potting there really isn t any significant pests or disease issues that bother esperanza so besides a little pruning here and there and possibly some extra water delivered in extreme periods of drought esperanza is relatively maintenance free. removing the seed pods they look like long green beans will encourage more flowering and encourage a bushier fuller plant. if you want to collect seeds then wait until seed pods have turned brown usually around late summer. you can also propagate the plant by taking cold tolerance while esperanza also called yellow bells or yellow trumpet can grow larger in some cases the average mature height in our area is 3 6 feet tall x 3 4 feet wide. planting in pots will affect the mature height and width as well. esperanza offers a long blooming period from late spring to the first hard freeze. now that s a good showing a note about cold tolerance. our usually mild winters in san antonio allows esperanza usda zone 8 to come back by the roots after winter dieback. esperanza in containers might need some extra winter protection or may need to be brought in during severe tmeperatures as their roots aren t as hardy in pots. it is worthy to note that many esperanza even north of us in the spring branch area survived this past winter s severe storm personally i have found all the esperanza that i have grown to be very reliable perennials. they are a little slow to peek back out from their roots waiting for the heat to help them get going. once it warms up they begin growing like gangbusters and are quick to produce their flowers. are you ready to add esperanza to your planting list the happy gardener lisa mulroy for more information visit https . """
health,"machine learning based dispatch of drone delivered defibrillators for out of hospital cardiac arrest . in this month s journal watch we review a fascinating study that utilized machine learning to develop and evaluate dispatch rules for drone delivered aeds. as you might suspect having drones deliver aeds directly to scenes could be a great way to decrease time to first shock. in fact recent studies have shown using drones in this way is feasible. however dispatch policies for aed carrying drones have not been well studied. understanding which drones are available where they are at any given time and successfully delivering an aed to the scene of a cardiac arrest before the ambulance arrives requires a lot of coordination. the authors of this study used a mathematical optimization model to identify the best locations for the drone bases in the regional municipality of peel ontario to reduce the times to aed arrival on scene. the peel region includes urban suburban and rural areas. the drone base locations were ems fire and police stations. drone response time was defined as the interval between drone take off and the aed hitting the ground at the scene of a suspected cardiac arrest location using the straight line distance between the two locations. a lot goes into this calculation including consideration of the drone ascent time 10 seconds horizontal acceleration m s2 cruising speed 20 m s and descent velocity 2 m s . also notice that the definition states the aed hit the ground. the drones did not land on scene but rather were dropped in protective cases from a height of almost 30 feet of course the time it took for the aed to hit the ground after it was dropped seconds also had to be considered. the drone response time was compared to a predicted ambulance response time plus a response time buffer to account for ambulance delays due to factors such as traffic congestion. ambulance response times were calculated using data for all suspected cardiac arrest calls defined as those dispatched as either cardiac arrest or unconscious from january 1 2015 to december 31 2019. the arrival on scene time was used for these calculations rather than the at patient time because the authors assumed the time needed for a bystander to retrieve the aed and bring it to the patient was similar to the time it would take an ems provider to arrive at the patient s side from an ambulance. statistical models were constructed to predict ambulance response times adjusting for the distance of the ambulance from the scene the day of week and the time of day. drone dispatch rules were developed dictating that the drone would only be dispatched if it were predicted to arrive no more than x seconds after the ambulance. the x was evaluated in 30 second increments from 0 150 seconds. dispatch rules were also evaluated based on drone availability at the time of the cardiac arrest. to estimate drone availability the authors assumed that once dispatched a drone would be occupied for the time it took to get from its base to the scene as well as the time it took to get from the scene back to its base. thirty minutes was added to the round trip travel time to allow for the drone to charge and be equipped with a new aed prior to its next mission. each dispatch rule considered dispatching the drone closest to the scene. if the closest drone was unavailable the next closest drone was considered. if all drones were unavailable then no drone was dispatched to the scene. dispatch rules were also compared to a policy of simply dispatching the closest available drone to every suspected cardiac arrest call without consideration of arrival prior to ems. finally because a decision to dispatch a drone can impact the availability of subsequent drones the authors calculated a metric they called harmful false positives. a false positive was defined as dispatching of a drone to the scene that arrived after ems. a harmful false positive was a false positive where a drone was occupied but if available that drone would have improved response time for a subsequent suspected out of hospital cardiac arrest. there were 3573 cardiac arrests in the analysis. the population was 66 male. approximately 14 of arrests occurred in public locations. there were 28 that were bystander witnessed and 25 had bystander initiated cpr. average median and 90th percentile ambulance response times were and minutes respectively. all drone dispatch rules resulted in average median and 90th percentile response times of 2 3 minutes less than the ambulance response times. the percentage of suspected out of hospital cardiac arrest calls where a dispatched drone would improve response times ranged from 62 66 among all drone dispatch rules evaluated. the percentage of calls where the closest drone was busy was about 2 among all dispatch rules and the number of harmful false positives ranged from 3 4 to 15 20. this was an interesting study that found that dispatch rules for aed carrying drones that only dispatch drones predicted to reach the scene before ems can achieve similar results to simply dispatching a drone to all suspected cardiac arrest calls. as with all studies there are some limitations in this one. the study authors did not adjust for all factors such as weather or obstacles in drone flight paths. they also did not evaluate response times for other first responders. nevertheless they completed a very detailed and thorough study of drone dispatch policies that significantly adds to the literature. there will no doubt be more and more research that will help us imagine ems in the future. """
other,"for the month of march in honor of women s history month the council bluffs library will host jillann gabrielle singing her personal arrangement of joan bette bette joan virtually from illinois at 6 30 for the month of march in honor of women s history month the council bluffs library will host jillann gabrielle singing her personal arrangement of joan bette bette joan virtually from illinois at 6 30 gabrielle does an original one woman musical featuring joan crawford and bette davis. joan and bette iconic superstars of the silver screen during the 30s 40s 50s 60s and beyond find themselves in purgatory where they are serving time in the same body. gabrielle is a skilled cabaret and musical theatre singer actress and comedienne as well as creator writer producer and actress. she founded paradise productions in 1989 and has had many incarnations through the years as producer director and now writer for the musical stage and screen. she offers performances to art centers theatres libraries senior centers and private gatherings. in addition to joan and bette she also has several other musicals such as princess di and jackie o. attend this live zoom event either at the library in meeting room b or from your home via zoom for march 30. the program is free and open to the public and has been made possible with help from the council bluffs public library """
humanInterest,"little barley shows up in lawns . many people mistake little barley hordeum pusillum for a little foxtail because the foxtail and little barley seedheads are similar. however little barley is a winter annual that comes up in late september october and spends the winter as a small plant. it thrives in the cooler spring temperatures forms seed heads and dies out usually by july. foxtail on the other hand is a summer annual that does well in hot weather. also foxtail will not produce seedheads until mid to late summer. so why are we talking about little barley now because now is not the time to control it unless it is in an area where a non selective herbicide that kills everything such as glyphosate roundup can be used. the best control for little barley in turf is a thick lawn that is mowed high enough that sunlight does not hit the soil. little barley seed will not germinate in such conditions. overseeding in early september can thicken up a tall fescue lawn and prevent a little barley infestation. however if you do not plan to overseed even though the lawn is a bit thin preemergence herbicides can be used to provide at least partial control of this weed. the only preemergence herbicide that i know is labeled specifically for little barley is weed impede by monterey lawn and garden. however dimension dithiopyr a pre emergent is labeled for barley herodium spp. which would include little barley and therefore can be used to keep this weed under control. because little barley is a winter annual apply the preemergence herbicide about mid september and water in to activate. if overseeding do not apply any preemergence herbicide as it will interfere with the germination of tall fescue. lauren fick is a cottonwood extension district horticulture agent. contact her at the hays office 785 628 9430 or the great bend office 620 793 """
health,"san diego calif. once a symbol of american counterculture cannabis is now a path to the american dream. we want anybody to be comfortable coming in here. we wanted to sort of break the stigma of the trap shop and really move more towards anybody can come and be comfortable here and not feel like they re in a weed shop says breton peace co owner and general counsel for march and ash. the san diego based cannabis dispensary opened its doors three years ago the shelves lined with carefully curated products in sleek packaging. the company itself is a start up. you have the normal ups and downs and challenges of being a new company said peace. and then being in a new industry the industry itself is a start up. dispensaries like march and ash show how far the industry s come. we have banking now but when we first opened we had to line up 100 envelopes on the table twice a month. they ve since opened four locations and employ more than 350 workers. four additional locations are also in the works. there s a lot of cannabis workers who believe in the product. they believe in the industry. a lot of well educated workers that could be doing a lot of different things said peace. he says more than a job they re looking to grow careers in the industry. in march and ash if you were to walk in the store you have reception security concierge fulfillment delivery. but behind that you have marketing you have accounting you have legal said peace. it s everything. it s its own industry that has to run as a business. dispensary workers at march and ash recently formed a union with ufcw local 135 seeking job security benefits and legitimacy for their industry. some people have family members who do n t want them in the industry but now it s saying not only do i work for a company that people respect march and ash but i work for a union said peace. local 135 represents workers in various industries including grocery retail health care casinos and cannabis. but the years long process came with unique challenges says peace. it was square peg round hole. they union representatives were taking models from like the grocery industry and just assuming cannabis workers would fit into that model. we have great respect for both industries but cannabis is different said peace. while peace says he and his co owners remained neutral throughout the process they took time to build a relationship with the union in hopes of reaching an agreement. we talked openly about the industry the problems the upside and what do the workers want. and we were able to sort of negotiate in that kind of dynamic said peace. maribel mckinze union organizer and political director negotiated on behalf of march and ash workers. we were able to put committees together groups from each location asking them what are some things that you would want to see on your contract said mckinze. she says child care was at the top of the list. some of the things workers brought to our attention during covid 19 there s a lot of single parents said mckinze. peace says this was a problem that management wanted to help solve. we have a lot of single parent and co parent arrangements in our workforce. we know that because early on in custody disputes one side would often use the fact that the other was in the cannabis industry to try and gain leverage in court. we would have to go as ownership and sort of destigmatize who we are in court and tell the judge this is a great employee with a great career and we re going to stand behind them said peace. child care was important. we think we found a nice way to not only solve it but route that economic benefit locally said peace. as an employer it s a great investment. the issues and scheduling starts to even out. the agreement also establishes an equity growth account to reinvest in workers from cash bonuses to retirement programs. traditional 401 k s like the unions aren t open to our workers because of cannabis said peace. union leaders say the contract sets the gold standard in the unionized cannabis industry and will serve as a model for future negotiations. we hope other employers will sit down and not be afraid of this. you can ultimately disagree and not get to an agreement but for us it takes a big unknown off the table said peace. he encourages owners to be transparent throughout the process and think outside the box. be willing to tell the union we re going to break that apart and then do the hard work of creating something new. """
sport,"the denver postjun 19 2021 6 00 am . the view from the summit of quandary peak on july 7 2014 included some patriotic expression. quandary located near breckenridge is one of colorado s busiest fourteeners. patrick traylor denver post file . it looks as if the number of people who climbed colorado fourteeners last year will shatter the previous record of 353000 set in 2018. the colorado fourteeners initiative which tracks numbers annually is still crunching 2020 numbers with a final report expected in a week or two. it s clear the record margin will be substantial though. following the record year of 2018 fourteener traffic declined in 2019 to 288000 because a huge snowpack delayed the start of hiking season that summer. last year s surge likely was driven by the pandemic which caused explosive growth in public lands visitation across colorado in parks forests and open spaces. the cfi annually publishes an estimated hiking use report deriving its estimates in a variety of ways. some numbers come from a network of automated counters that are hidden along trails using thermal sensors to detect hikers when they pass. they also use a multi factor modeling program athearn said that takes into account other sources of data such as people checking off peaks on and involves some statistical interpolation to come up with final estimates. it gives what we believe is a pretty accurate representation athearn said. it s not 100 perfect but it s certainly the most accurate i ve ever seen. subscribe to our weekly newsletter the adventurist to get outdoors news sent straight to your inbox. the post s expert on skiing mountaineering and endurance sports john meyer is a member of the colorado ski snowboard hall of fame and the colorado running hall of fame. """
health,"victoria british columbia the united steelworkers union usw has brewed up a first collective agreement for the workers at the douglas street starbucks drive thru location in victoria the workers have unanimously ratified their new three year collective agreement. the union was able to bargain health and safety provisions including contract language aimed at preventing workplace violence and aggressive behaviour to help keep workers safe. the union was successful in securing language for up to 10 paid days leave for any member facing situations of domestic violence. the workers will also receive a wage increase of up to per hour based on years of service and each worker will receive a lump sum payment upon ratification. we are excited now that the contract is done and to see the workplace changes that will come along with it said sarah broad usw bargaining committee member. it felt like a really big battle to bargain with a company like starbucks but i am very happy that we did and i cannot wait to see the impact that the changes will bring not only for us but for other baristas too. i am glad that we can focus on building a better customer service industry where baristas are treated with the respect and dignity that we deserve. in august 2020 the victoria starbucks workers voted to unionize after reaching out to the usw to achieve better protections from harassment and unsafe work situations that they were facing. this was a tough round of bargaining you could say a real grind and i am sure starbucks was pretty steamed when they saw what we were serving them said tara cavanagh usw staff representative. i am very proud of the bargaining committee and all of our members for their patience and support while we obtained this new contract. workers in the service industry often get forgotten and do not get recognized for the difficult industry they work in and this contract now reflects it. with this new contract starbucks members are helping to set a new standard for baristas and coffee shop workers bringing them above the minimum wage and closer to a living wage said stephen hunt usw district director for western canada. workers need unions more than ever. this contract shows that when workers are engaged better working conditions and wages can be achieved. every worker deserves better and as steelworkers we do not discriminate on who we welcome to our union or how much they make or what their job is. i am so grateful for the steelworkers and for all of the opportunities they have already brought to us added broad. usw district 3 represents over 50000 workers in western canada and the territories. if you are interested in joining a union or speaking to a union organizer please contact us at or you deserve better work now. """
crime,"atlanta ga georgia is among the top states in the nation for elder fraud with residents aged 60 and over reporting losses of nearly 26 million to con artists last year according to the federal bureau of investigation. only nine other states california florida texas new york illinois north carolina new jersey arizona and washington reported higher financial losses through scams of the elderly a new fbi report released tuesday said. the news comes on world elder abuse awareness day and as the fbi s internet crime complaint center ic3 said the number of complaints about scams rose 70 percent between 2019 and 2020. the top three scams nationwide according to the agency were phishing scams non payment non delivery scams and extortion. notably 2020 saw the emergence of scams exploiting the covid 19 pandemic ic3 said. the increase in crimes reported in 2020 may have also been due in part to the pandemic driving more commerce and activities online. the latest numbers indicate 2021 may be another record year. last year scams targeting the elderly bilked 105301 victims out of about 1 billion in the according to the fbi. the average loss per victim was about 9175 and nearly 2000 of the victims in 2020 lost more than 100000. the combination of online shopping and social media creates easy venues for scammers to post false advertisements the report said. many victims report ordering items from links advertised on social media and either receiving nothing at all or receiving something completely unlike the advertised item. here s a breakdown of the top 10 crimes targeting elderly victims over 60 in the . non payment non delivery 14534 victims . phishing vishing smishing pharming 7353 victims . confidence fraud romance 6817 victims . personal data breach 6121 victims . misrepresentation 4735 victims . government impersonation 4159 victims . every day the gbi is committed to investigating not only physical abuse but also financial abuse and exploitation of elderly and at risk adults. the fbi 2020 elder fraud report may be found here. anyone who receives a scam call should report it to the fbi internet crime complaint center ic3 """
sport,"mansfield high school has won the 2021 william spratt award for excellence in teaching high school social studies. heeden has been teaching for 16 years 14 of which have been at mansfield high. she coached volleyball for 13 years teaches ninth grade world history 10th grade history and a 11th and the 12th grade elective social history through sports. she created the sports history elective four years ago. she was nominated for the award by fellow social studies teacher julia atwood. in a statement atwood said heeden s passion for social studies and desire to help her students are just two of the many traits that make her a fabulous teacher. melissa is a hardworking and dedicated educator whom i have had the pleasure of working with for the last 14 years atwood said. i have collaborated with her on countless occasions and designed two courses with her over the years. i have watched her give countless hours to mansfield high school as both a teacher and a coach and i have seen how the students look to her for guidance atwood said. heeden lives in mansfield with her husband and their two children. this is a very special recognition for a very deserving teacher principal mary watkins said. melissa is an outstanding teacher and her students love her classes and her enthusiasm. an in person awards ceremony for heeden and other winners will be held in the fall. david linton may be reached at 508 236 0338. the award is given out annually by the massachusetts council for the social studies. heeden has been teaching for 16 years 14 of which have been at mansfield high. she coached volleyball for 13 years teaches ninth grade world history 10th grade history and a 11th and the 12th grade elective social history through sports. she created the sports history elective four years ago. she was nominated for the award by fellow social studies teacher julia atwood. melissa is a hardworking and dedicated educator whom i have had the pleasure of working with for the last 14 years atwood said. i have collaborated with her on countless occasions and designed two courses with her over the years. i have watched her give countless hours to mansfield high school as both a teacher and a coach and i have seen how the students look to her for guidance atwood said. heeden lives in mansfield with her husband and their two children. this is a very special recognition for a very deserving teacher principal mary watkins said. melissa is an outstanding teacher and her students love her classes and her enthusiasm. an in person awards ceremony for heeden and other winners will be held in the fall. david linton may be reached at 508 236 0338. """
politics,"dementia risks among veterans will be the topic of a statewide virtual forum put on by the alzheimer s association on june 29. the forum  which is free  will provide information about alzheimer s and dementia and the caregiver support resources offered by va medical centers and the alzheimer s association. the association is working to educate veterans  drive early detection of the disease and connect veterans to free ongoing education and support programs that can enhance care and understanding for affected families. according to statistics from the alzheimer s association  veterans with dementia are times more likely to be hospitalized than other veterans and hospital stays are  on average  times longer. in addition  the average number of outpatient psychiatric visits is three times greater among veterans with dementia than veterans without. teresa morris  program director for the alzheimer s association  said  because of the enhanced risk of dementia  we really are taking proactive measures to reach out to veterans to educate them about how both the alzheimer s association and the va medical centers can help them and their families. caring for someone with dementia can be very isolating. this program will help people understand the support services available to help them. veterans with post traumatic stress disorder ptsd or traumatic brain injury tbi have a 60 percent greater chance of developing dementia. ptsd is two to five times more common in veterans compared with the general population. to register for the forum  which is from 5 to 6 30 ' call the alzheimer s association 24 7 helpline at 800 272 3900. after registering  a zoom link will be provided to join the session. the educational event is for veterans  their caregivers and interested family """
environmental,"a new generation of periodical cicadas started to dig its way out of the soil last month with millions predicted to make themselves known to residents across the lehigh valley by their characteristic song. this group brood x has been growing underground for 17 years waiting for the soil temperature to be warm enough to emerge. but for all the anxious anticipation from residents expecting swarms of cicadas to appear there doesn t seem to be that many popping up across the region at least not in overwhelming numbers north of interstate 78. to get to the bottom of this cicada mystery the morning call spoke to cicada researcher and muhlenberg college biology professor marten edwards. so far cicadas have been mapped south of i 78 with many found in bucks county at nockamixon state park in quakertown. other sightings have been logged in montgomery and chester counties. edwards who chairs muhlenberg s biology department said he s heard them from his car driving from nockamixon state park to coopersburg in lehigh county. he s also seen a few in his neighborhood the west end of allentown. i ve been thinking a lot about this recently edwards said during a phone interview thursday morning. because it s so interesting. cicadas don t live everywhere even where they can so maybe they were never here. parts of northampton county might be part of brood xiv which emerged 13 years ago he said. he urged residents who may remember seeing cicadas in the past to check their calendars and see if they might have to wait another four years. when people search online for cicada locations many of the maps they find came from the 1930s and there s a good possibility they re inaccurate because if one cicada was found the entire county would be shaded as a hot spot. no it s not because it s cold and rainy edwards said. if they were going to come out they would have come up by now. they ve had plenty of time for the soil temperature to get up. there could be more sinister reasons afoot including population decline which edwards called an important possibility. that s the thing about the biology of the cicadas. they need a lot of them for the population to stay stable and if there s just a few of them the population crashes he said. and that s because they re so tasty it really requires a big population to keep going. so when you get down to thresholds it s quite possible that you could have had them 17 years ago and there just weren t enough to make it through. clearing trees to make room for development could be a factor if cicada populations are declining he said. for example after a previous morning call story about cicadas a reader reached out to edwards he said explaining that their grandmother had saved a box of cicada wings from an emergence in the 1930s. he looked up the location of the emergence provided by the family and there s a mall there now. what happens if cicadas disappear . edwards who this summer is researching ticks said sometimes he ll only hear one lone cicada while out in the field. recently at south mountain park in bethlehem he found one tree with about 20 cicada shells and only one adult. and i didn t see any other trees and i didn t hear anybody he said. and so i m thinking gosh maybe this is just the very last flickering of what might have been a much larger population. i think it s something that if they re not seeing any it may be just because they ve been wiped out he continued. with that said i think it makes conservation of our forests and thinking about how we take care of our property even more important. cicadas are often referred to as canaries in the coal mine he said as they re insects people take notice of and researchers can use as a measure of how other insects are faring as environments change. cicadas are obvious he said. we can see them we can hear them. i think they re really cute edwards said. but what about the insects that we can t see that also play a super important role in keeping our environment healthy . taking climate change seriously not just for the cicadas but for humans too is important edwards said. residents can help by considering the effects of development on local forests and trees. when there s a decision to be made about whether some woods should be cleared or kept i hope people will think really long and hard about what the cost is to cutting down trees that are healthy and don t need to be cut down he said. generally cicadas stick around until they ve completed their duties to the next generation. their screams grow quiet near the end of the june disappearing by early july. interested in mapping cicadas researchers at the university of connecticut developed a smartphone app called cicada safari which anyone can use to log sightings. """
science,"june does n t have many big astronomical events this year but it will boast a partial solar eclipse the summer solstice and the full strawberry supermoon. those in lancaster county could see a partial solar eclipse during sunrise on june 10 but it depends on whether the weather conditions remain clear. the sunrise on june 10 will happen at 5 35 the eclipse will technically start before that around 4 39 but it will be too low in the horizon to see. the solar eclipse will last until 6 30 giving lancaster county about 55 minutes to see the event according to timeanddate. here is an interactive view of what the solar eclipse will look like in the county. lancaster county will at best only be able to see about a 70 eclipse. parts of canada greenland and russia will be able to see a full eclipse. here s a map of the eclipse s full path. summer solstice supermoon . for lancaster county this will be the day with the longest amount of daylight with just over 15 hours. after that stargazers can look forward to the full strawberry supermoon. the full strawberry supermoon will be at its brightest on june 24. this will be 2021 s third and final supermoon which means that the moon will look a bit brighter and bigger in the night sky. native americans and colonialists referred to june s full moon as the strawberry moon as it s the peak time of year to harvest strawberries according to the old farmer s almanac. the moon will not look pink. """
humanInterest,"celebrity news . true true false var configobj thumb none video 100 height 100 section domestic profile expansion network cnn markupid large media 0 adsection const article pagetop framewidth 100 frameheight 100 posterimageoverride falseisvideoreplayclicked falsecallbackobjcontainerelcurrentvideocollection currentvideocollectionid isliveplayer falsemediametadatacallbacksmobilepinnedview nullmovetonexttimeoutmuteplayerenabled falsenextvideoid nextvideourl turnonflashmessaging falsevideopinnervideoendslateimpl if false autostartvideo true autostartvideo typeof function . 2 mins ago . true true false var configobj thumb none video 100 height 100 section domestic profile expansion network cnn markupid large media 0 adsection const article pagetop framewidth 100 frameheight 100 posterimageoverride falseisvideoreplayclicked falsecallbackobjcontainerelcurrentvideocollection currentvideocollectionid isliveplayer falsemediametadatacallbacksmobilepinnedview nullmovetonexttimeoutmuteplayerenabled falsenextvideoid nextvideourl turnonflashmessaging falsevideopinnervideoendslateimpl if false autostartvideo true autostartvideo typeof function autostartvideo if autostartvideo true if turnonflashmessaging true autostartvideo false containerel else false autostartvideo isliveplayer isvideoreplayclicked new findnextvideo currentvideoid var ividobj if currentvideoid 0 for i 0 i 0 mobilepinnedview onplayerready function containerid var playerinstancecontainerclassid modernizr fave 0 article playerinstance new jquery containerclassid enabled falsetransition function function function if mobilepinnedview function storing pinned view on so that all players can see the single pinned player mobilepinnedview if modernizr if videopinner new else function containerid playerid contentid isqueue function containerid playerid videoid paused if mobilepinnedview paused oncontentmetadata function containerid playerid metadata contentid duration width height var endslatelen metadata if endslatelen 0 function containerid cvpid token mode id duration blockid adtype dismissing the pinnedplayer if another video players plays an ad modernizr if typeof videopinner undefined videopinner null function containerid playerid token mode id duration blockid adtype instance isadpause if mobilepinnedview isadpause ontrackingfullscreen function containerid playerid dataobj dataobj if mobilepinnedview typeof dataobj object ios function containerid cvpid event var playerinstanceprevvideoid if typeof function modernizr if typeof videopinner undefined videopinner null function containerid cvpid contentid if modernizr if typeof videopinner undefined videopinner null endslate 0 function containerid cvpid contentid if mobilepinnedview dismissing the pinnedplayer if another video players plays a video. typeof function function containerid cvpid contentid if typeof function containerid oncontentend function containerid cvpid contentid if modernizr if typeof videopinner undefined videopinner null function containerid cvpid visible visible if typeof string 0 true true callbackobj . celebrity news . i wanted to turn the parts down but that s all that was offered moreno says noting that the message from her bosses came through loud and clear shut up and be true true false var configobj thumb none video 100 height 100 section domestic profile expansion network cnn markupid body text 12 theoplayer allownativefullscreen true adsection const article inpage framewidth 100 frameheight . 2 mins ago . i wanted to turn the parts down but that s all that was offered moreno says noting that the message from her bosses came through loud and clear shut up and be true true false var configobj thumb none video 100 height 100 section domestic profile expansion network cnn markupid body text 12 theoplayer allownativefullscreen true adsection const article inpage framewidth 100 frameheight 100 posterimageoverride falseisvideoreplayclicked falsecallbackobjcontainerelcurrentvideocollection currentvideocollectionid isliveplayer falsemediametadatacallbacksmobilepinnedview nullmovetonexttimeoutmuteplayerenabled falsenextvideoid nextvideourl turnonflashmessaging falsevideopinnervideoendslateimpl if false autostartvideo false autostartvideo typeof function autostartvideo if autostartvideo true if turnonflashmessaging true autostartvideo false containerel else false autostartvideo isliveplayer isvideoreplayclicked new findnextvideo currentvideoid var ividobj if currentvideoid 0 for i 0 i 0 mobilepinnedview onplayerready function containerid var playerinstancecontainerclassid modernizr fave 0 article playerinstance new jquery containerclassid enabled falsetransition function function function if mobilepinnedview function storing pinned view on so that all players can see the single pinned player mobilepinnedview if modernizr if videopinner new else function containerid playerid contentid isqueue function containerid playerid videoid paused if mobilepinnedview paused oncontentmetadata function containerid playerid metadata contentid duration width height var endslatelen metadata if endslatelen 0 function containerid cvpid token mode id duration blockid adtype dismissing the pinnedplayer if another video players plays an ad modernizr if typeof videopinner undefined videopinner null function containerid playerid token mode id duration blockid adtype instance isadpause if mobilepinnedview isadpause ontrackingfullscreen function containerid playerid dataobj dataobj if mobilepinnedview typeof dataobj object ios function containerid cvpid event var playerinstanceprevvideoid if typeof function modernizr if typeof videopinner undefined videopinner null function containerid cvpid contentid if modernizr if typeof videopinner undefined videopinner null endslate 0 function containerid cvpid contentid if mobilepinnedview dismissing the pinnedplayer if another video players plays a video. typeof function function containerid cvpid contentid if typeof function containerid oncontentend function containerid cvpid contentid if modernizr if typeof videopinner undefined videopinner null function containerid cvpid visible visible if typeof string 0 true true callbackobj . music news . in the new campaign the met him last night singer is auctioning off outfits they ve worn either on tour or on television and a vacation experience to joshua tree. to enter fans can take a number of different actions including signing petitions for the trevor project s 50 bills 50 states campaign to end . in the new campaign the met him last night singer is auctioning off outfits they ve worn either on tour or on television and a vacation experience to joshua tree. to enter fans can take a number of different actions including signing petitions for the trevor project s 50 bills 50 states campaign to end conversion therapy in the united states joining hrc s count me in initiative advocation for transgender and non binary equality or donating directly to these is about celebrating and giving back to our community and this year i want all of us to take action lovato said in a statement. with this propeller campaign we ve made it easy for people to take meaningful action by engaging with critical legislation advocating for trans and non binary voices and ultimately lifting up our community with support. i ve curated some incredible prizes but the true win for everyone will be watching the positive effects of our collective action flourish and make our community a happier safer and more equal check out the numerous auction items and to learn more about lovato s new campaign click here. music news . most no. 1s rock alternative airplay8 foo fighters6 cage the elephant6 green day6 twenty one pilots5 imagine dragons4 the black keys3 linkin parkimagine dragons last led rock alternative airplay with natural for 11 weeks in september november 2018. the command followed that of whatever it takes 14 weeks beginning in march 2018 believer 17 . most no. 1s rock alternative airplay8 foo fighters6 cage the elephant6 green day6 twenty one pilots5 imagine dragons4 the black keys3 linkin parkimagine dragons last led rock alternative airplay with natural for 11 weeks in september november 2018. the command followed that of whatever it takes 14 weeks beginning in march 2018 believer 17 weeks beginning in april 2017 and radioactive 24 weeks beginning in march with 67 total weeks at no. 1 the band extends its lead for the most time on top. foo fighters follow with rock alternative airplay coronation of follow you comes after the song spent a week atop alternative airplay april 24 on which it s since spent eight straight frames at no. 2 below twenty one pilots shy away whose place it takes atop rock alternative follow you lifts 11 10 on adult alternative airplay after reaching no. 7. it has also enjoyed crossover appeal hitting no. 11 so far on adult pop song is the lead single from imagine dragons upcoming fifth studio album its first since 2018 s """
environmental,"holiday day is written int he sand. photo courtesy adelle loisellejune 12 2021 5 24pm . now that lake levels are beginning to recede the essex region conservation authority said it is safe to swim at holiday beach near amherstburg again. for the past three years unprecedented lake levels resulted in such severe erosion and falling trees that we were forced to close the beach for safety reasons said cao tim byrne. the authority hired contractors to remove the downed trees and other hazards so it is safe to swim there again. the windsor essex county health unit is also testing the water at the beach again. our washroom and change room facilities are open the beach is groomed as needed and we are ready to receive visitors added director of conservation services kevin money. the beach is unsupervised so swimmers should proceed with caution. """
environmental,"toronto inside a former abattoir in downtown toronto new life is being given to some dead wood. i think there s a natural beauty and affinity with wood generally robert jarvis told ctv news toronto on friday. jarvis is one of the co founders of just be woodsy a local company that s taking trees from toronto s parks and city streets and turning them in to one of a kind pieces. jarvis says the idea sprouted several years ago after learning that most of the trees being taken down by the city were simply turned in to mulch or firewood. you have about a two per cent die off naturally and that s about 100000 trees think because there s almost 11 million trees in the city of toronto so you have a huge amount just naturally coming down. the company bid for and won a contract with the city. it is now the recipient of trees taken down in the core. there are nearly 220 types of trees growing in the city. jarvis says each year for a variety of reasons including disease and rot thousands are taken down. there s certainly a lot of norway maple coming down these days there s a lot of silver maples coming down that are a 120 years old and they re getting too big and their limbs become liabilities and so the city has to take them down he said. but there s also a lot of beautiful oaks beautiful black and red oaks and old white oaks. a lot of ash coming down used to be a big part of the canopy and it s getting attacked by the emerald ash borer. i think most people in the city do n t realize what a resource that the trees around them are said alex budding the company s arborist and the man in charge of supply. we have such a large selection of trees we re able to source and kind of cherry pick the ones that are the best logs. and those logs are given a new life inside the company s downtown facility. the wood is milled and kiln dried and then turned into a variety of products. from coasters to charcuterie boards plates to play logs and a variety of tables. craftspeople have been cranking out just about everything you can make from wood. i think there s just that natural affinity to renaturalize our spaces. i think that when you re confronted with a lot of concrete a lot of noise a lot of busyness around you in the city a bit of chaos there s something really grounding and beautiful about a natural material like wood. each hand made piece is also laser engraved with the type of tree wood as well as the location it came from including in some cases the neighbourhood and in others the exact geographic co ordinates where the tree once stood. for co founder sinead wills it s all part of allowing people to feel connected to their environment. having people understand that the tree grew right around them. there s a real sense of connectivity and it s really important these days. you know a lot of goods are imported and it s just a table but to have a table that you know grew right in your area or your city it s one of a kind. it s a very beautiful and unique piece. the pieces which range from 20 to a several thousand dollars can be ordered through the company s website. they re also accepting ideas as to what products they could try and tackle next. """
weather,"billionaire bill gates has called on the and other wealthy countries to give up eating beef entirely and switch to synthetic alternatives due to climate change. i don t think the poorest 80 countries will be eating synthetic meat. i do think all rich countries should move to 100 synthetic beef gates the mit technology review in an interview on monday. you can get used to the taste difference and the claim is they re going to make it taste even better over time. eventually that green premium is modest enough that you can sort of change the people or use regulation to totally shift the demand gates mused. the microsoft founder 65 was promoting his new book how to avoid a climate disaster which presents a range of dramatic proposals that gates says are needed to prevent global calamity. billionaire bill gates has called on the and other wealthy countries to give up eating beef entirely and switch to synthetic alternatives due to climate change . beef cattle production employs more than 726000 people across america. above a calf is seen on a farm in hinton iowa last may . cows and other ruminants produce methane as they digest grasses. methane is a potent greenhouse gas 28 times more effective at trapping heat than carbon dioxide and methane emissions have risen 9 percent since 2000 according to researchers from the global carbon project. gates was promoting his new climate change book released on tuesday . gates in the interview touted plant based meat alternatives such as impossible meats and beyond meat saying they have a road map a quality road map and a cost road map that makes them totally . however plant based synthetic meat still accounts for less than 1 percent of the market. in a separate interview with the new york times published on monday gates was asked if he still eats regular burgers himself and admitted i sometimes eat the real thing . beef cattle production employs more than 726000 people across america. texas has the most beef cows in the followed by oklahoma missouri nebraska and south dakota. the tech billionaire has quietly bought up 242000 acres of farmland in 18 states and 268984 of multi use land in 19 states in total making him the biggest agricultural landowner in the us though far short of the biggest overall landowner in the country . in 2018 a louisiana investor later revealed to be gates paid 171 million for a large swath of farmland in the horse heaven hill making it one of the largest real estate transactions in recent memory . last month bill gates was revealed to be the largest private owner of agricultural land in america after quietly buying up 242000 acres of farmland in 18 states. the tech mogul who is the fourth richest person in the world with a net worth of 121billion according to forbes has quietly built up a massive agriculture portfolio. his largest holdings include 69071 acres in louisiana 47927 acres in arkansas 25750 acres in arizona 20588 acres in nebraska and 16097 in washington state. it is unclear why gates better known as a self confessed computing nerd has invested in farmland so heavily and details of the land are scarce as revealed in the land report. the acquisitions are held directly as well as through gates personal investment entity cascade investments. "" "
health,"california drops workplace mask rule for vaccinated workers . file in this june 9 2021 file photo workers and customers wear masks inside an apple store amid the covid 19 pandemic on the promenade in santa monica calif. california regulators on thursday june 17 2021 are set to approve revised worksite pandemic rules that allow fully vaccinated employees the same freedoms as when they are off the job. file in this june 11 2021 file photo customers wear face masks in an outdoor mall with closed businesses amid the covid 19 pandemic in los angeles. california regulators on thursday june 17 2021 are set to approve revised worksite pandemic rules that allow fully vaccinated employees the same freedoms as when they are off the job. file in this june 9 2021 file photo a sign announces that a goodwill store is open amid the coronavirus pandemic in santa monica calif. california regulators on thursday june 17 2021 are set to approve revised worksite pandemic rules that allow fully vaccinated employees the same freedoms as when they are off the job. file in this june 9 2021 file photo a server tends to customers in an outdoor dining area amid the covid 19 pandemic on the promenade in santa monica calif. california regulators on thursday june 17 2021 are set to approve revised worksite pandemic rules that allow fully vaccinated employees the same freedoms as when they are off the job. ap california regulators have approved revised worksite pandemic rules that allow fully vaccinated employees the same freedoms as when they are off the job. the revised regulations adopted thursday come after weeks of confusion. they conform with general state guidelines by ending most mask rules for people who are vaccinated against the coronavirus. the governor appointed california occupational safety and health standards board approved them on a 5 1 vote. gavin newsom planned to quickly issue an executive order sidestepping the usual legal review that would normally keep the rules from taking effect until june 28. the rules apply in almost every workplace in the state including to workers in offices factories and retail. ap california regulators on thursday were set to approve revised worksite pandemic rules that allow fully vaccinated employees the same freedoms as when they are off the job. the revised regulations would conform with general state guidelines that took effect tuesday by ending most mask rules for people who are vaccinated against the coronavirus. gavin newsom promised on the eve of the meeting that the seven member governor appointed california occupational safety and health standards board will codify that through a vote though one board member was absent. newsom said he will then quickly issue an executive order sidestepping the usual legal review that would normally keep the rules from taking effect until june 28. if there s any ambiguity if there s concerns around enforcement we ll clarify that. i have a draft executive order ready to go immediately after they vote to make clarifications public and to provide more certainty the governor said. the rules apply in almost every workplace in the state including to workers in offices factories and retail. they are intended to ensure that workers are protected while businesses resume normal or near normal levels of activity and productivity eric berg deputy chief of health for california s division of occupational safety and health known as cal osha told the board. but mitch steiger a legislative advocate for the california labor federation afl cio objected that the measures essentially pretend that the pandemic is over. loosening the mask rules while a majority of californians are not fully vaccinated and dangerous variants spread will sicken many and likely kill some workers as protections wane steiger said a concern echoed by other union and employee representatives. the change moves california in the wrong direction said saskia kim of the california nurses association urging people to voluntarily remain masked despite the changes. the move comes after the board did a double twisting backflip in recent weeks when it first postponed then rejected then adopted then rescinded proposed rules that would have allowed workers to forego masks only if every employee in a room was fully vaccinated against the coronavirus. the new regulations conform with general state guidelines patterned after the latest centers for disease control and prevention recommendations. fully vaccinated employees will not need to wear masks except in locations like mass transit and classrooms where they are required for everyone or in the event of outbreaks. physical distancing will also end except for certain workers during major outbreaks. vaccinated employees also won t need to be tested or quarantined unless they show symptoms even if they have close contact with an infected person. employers must document that workers who skip masks indoors are indeed fully vaccinated. but employers have the choice of requiring workers to show proof of vaccination or allowing employees to self attest to their vaccination status with the employer keeping a record of who self attests. they could also decide to require everyone to remain masked vaccinated or not. and vaccinated employees will still be able to wear masks if they choose without facing retaliation. rob lapsley president of the california business roundtable said the rules do n t fully conform to the state s other standards. others argued that they still will cause confusion. that s because of the requirement that employers provide masks and keep track of their employees vaccination status record keeping that he and others said could create liability and privacy issues. they do remain a significant barrier to fully reopening the economy lapsley said. katie hansen senior legislative director for the california restaurant association said it is unrealistic to expect unvaccinated employees to remain masked until the emergency work rules expire early next year while others generally drop their face coverings. the california chamber of commerce took a milder approach thanking newsom a democrat for eliminating confusion by pledging to conform workplace rules with the state s loosened pandemic precautions. that includes immediately ending social distancing obligations instead of waiting until july 31 as cal osha had initially proposed. the chamber also praised a rule change that will require employers to provide the most effective n95 masks for free to unvaccinated employees only upon request. but others objected that the rule still will require employers to stockpile masks and compete with health care workers despite newsom s promise to provide a one month supply of the masks. there were 700 california workplace outbreaks and more than 10000 infections in the last 30 days cal osha s berg said but he said the n95s are the best alternative as other protections wane. robert moutrie a calchamber policy advocate called the latest proposal a measured step that opens too quickly for some businesses and not quickly enough for others. sign up now to get the most recent coronavirus headlines and other important local and national news sent to your email inbox daily. ap former members of the board of regents a former commissioner of higher education and others are asking the montana supreme court if four new laws passed by the legislature infringe on the board s constitutional authority to set policy on state campuses. jared polis on wednesday signed into law legislation requiring insurers to offer a standard state supervised health plan to people and small business. the law also provides for sanctions for hospitals and other health care providers that do n t participate in lowering costs. washington ap the supreme court on thursday sided with food giants nestle and cargill in a lawsuit that claimed they knowingly bought cocoa beans from farms in africa that used child slave labor. columbus ohio ap members of the ohio house expelled rep. larry householder the federally indicted republican ex speaker wednesday in a bipartisan vote that invoked their powers to remove a member for the first time in 150 years. windsor england ap president joe biden and his aviator sunglasses met queen elizabeth ii on a bright sunday afternoon. washington ap the senate passed a bill tuesday that would make juneteenth or june 19th a federal holiday commemorating the end of slavery in the united states. washington ap former president donald trump has made no secret of his long list of political enemies. it just was n t clear until now how far he would go to try to punish them. honolulu hawaii says a vaccinated oahu resident who traveled to nevada last month has tested positive for the delta variant of covid 19. washington ap a new federal intelligence report warns that adherents of qanon the conspiracy theory embraced by some in the mob that stormed the capitol could target democrats and other political opponents for more violence as the movement s false prophecies increasingly fail to come true. file in this june 9 2021 file photo workers and customers wear masks inside an apple store amid the covid 19 pandemic on the promenade in santa monica calif. california regulators on thursday june 17 2021 are set to approve revised worksite pandemic rules that allow fully vaccinated employees the same freedoms as when they are off the job. file in this june 11 2021 file photo customers wear face masks in an outdoor mall with closed businesses amid the covid 19 pandemic in los angeles. california regulators on thursday june 17 2021 are set to approve revised worksite pandemic rules that allow fully vaccinated employees the same freedoms as when they are off the job. file in this june 9 2021 file photo a sign announces that a goodwill store is open amid the coronavirus pandemic in santa monica calif. california regulators on thursday june 17 2021 are set to approve revised worksite pandemic rules that allow fully vaccinated employees the same freedoms as when they are off the job. file in this june 9 2021 file photo a server tends to customers in an outdoor dining area amid the covid 19 pandemic on the promenade in santa monica calif. california regulators on thursday june 17 2021 are set to approve revised worksite pandemic rules that allow fully vaccinated employees the same freedoms as when they are off the job. """
disaster,"cape town rietvlei has been indefinitely closed for recreational use at the table bay nature reserve owing to pollution. this is to allow for the testing of water quality the city said sunday. the city of cape town would like to advise that all those who make use of the rietvlei for recreational activities this waterbody will be subject to temporary closure for all recreational use. this is due to results of sampling which indicate the water quality has deteriorated below levels deemed safe for intermedia recreational contact the city said. the vlei would remain closed for recreational purposes until testing confirmed the water was safe to use again. rietvlei offers a number of recreational activities including picnic areas water sports and nature watching. the rietvlei wetland is in the floodplain of the diep river between milnerton and table view that drains into table bay via the milnerton lagoon. the wetland offers a variety of habitats including a permanent freshwater lake shallow marshes that flood in winter reed beds a river and an estuarine lagoon with salt marshes that is open to the sea. cape times . """
arts,"people attend a free outdoor event organized by the broadway league as celebrations during juneteenth take place at times square saturday june 19 2021 in new york. parades picnics and lessons in history marked juneteenth celebrations in the a day that marks the arrival of news to enslaved black people in a texas town that the confederacy had surrendered in 1865 and they were free. students from university prep art design celebrate juneteenth by repainting a street mural power to the people in downtown detroit on saturday june 19 2021. opal lee 94 reacts to one of the many signs held by those participating in her annual juneteenth walk on saturday june 19 2021 in fort worth texas. lee has been advocating for juneteenth to be a federal holiday for many years and succeeded in her goal when president joe biden signed a bill on thursday making juneteenth a national holiday. community members march through fort worth s historic southside during opal lee s annual juneteenth walk on saturday june 19 2021 in fort worth texas. lee has been advocating for juneteenth to be a federal holiday for many years and succeeded in her goal when president joe biden signed a bill on thursday making juneteenth a national holiday. opal lee 94 walks towards downtown during the first nationally recognized juneteenth holiday on saturday june 19 2021 in fort worth texas. lee makes the mile walk to symbolize the two and a half years it took for slaves in texas to realize they had been freed. selena quinn from left lavon fisher wilson and traci coleman perform during a free outdoor event organized by the broadway league as juneteenth s celebrations take place at times square saturday june 19 2021 in new york. parades picnics and lessons in history marked juneteenth celebrations in the a day that marks the arrival of news to enslaved black people in a texas town that the confederacy had surrendered in 1865 and they were free. people try to see a free outdoor event organized by the broadway league as celebrations take place during juneteenth at times square on saturday june 19 2021 in new york. parades picnics and lessons in history marked juneteenth celebrations in the a day that marks the arrival of news to enslaved black people in a texas town that the confederacy had surrendered in 1865 and they were free. people attend a free outdoor event organized by the broadway league during juneteenth celebrations at times square on saturday june 19 2021 in new york. parades picnics and lessons in history marked juneteenth celebrations in the a day that marks the arrival of news to enslaved black people in a texas town that the confederacy had surrendered in 1865 and they were free. people watch a free outdoor event organized by the broadway league during juneteenth celebrations at times square on saturday june 19 2021 in new york. parades picnics and lessons in history marked juneteenth celebrations in the a day that marks the arrival of news to enslaved black people in a texas town that the confederacy had surrendered in 1865 and they were free. women wait to perform during a free outdoor event organized by the broadway league during juneteenth celebrations at times square on saturday june 19 2021 in new york. parades picnics and lessons in history marked juneteenth celebrations in the a day that marks the arrival of news to enslaved black people in a texas town that the confederacy had surrendered in 1865 and they were free. people wait to perform during a free outdoor event organized by the broadway league during juneteenth celebrations at times square on saturday june 19 2021 in new york. parades picnics and lessons in history marked juneteenth celebrations in the a day that marks the arrival of news to enslaved black people in a texas town that the confederacy had surrendered in 1865 and they were free. people attend a free outdoor event organized by the broadway league as celebrations during juneteenth take place at times square saturday june 19 2021 in new york. parades picnics and lessons in history marked juneteenth celebrations in the a day that marks the arrival of news to enslaved black people in a texas town that the confederacy had surrendered in 1865 and they were free. students from university prep art design celebrate juneteenth by repainting a street mural power to the people in downtown detroit on saturday june 19 2021. opal lee 94 reacts to one of the many signs held by those participating in her annual juneteenth walk on saturday june 19 2021 in fort worth texas. lee has been advocating for juneteenth to be a federal holiday for many years and succeeded in her goal when president joe biden signed a bill on thursday making juneteenth a national holiday. community members march through fort worth s historic southside during opal lee s annual juneteenth walk on saturday june 19 2021 in fort worth texas. lee has been advocating for juneteenth to be a federal holiday for many years and succeeded in her goal when president joe biden signed a bill on thursday making juneteenth a national holiday. opal lee 94 walks towards downtown during the first nationally recognized juneteenth holiday on saturday june 19 2021 in fort worth texas. lee makes the mile walk to symbolize the two and a half years it took for slaves in texas to realize they had been freed. selena quinn from left lavon fisher wilson and traci coleman perform during a free outdoor event organized by the broadway league as juneteenth s celebrations take place at times square saturday june 19 2021 in new york. parades picnics and lessons in history marked juneteenth celebrations in the a day that marks the arrival of news to enslaved black people in a texas town that the confederacy had surrendered in 1865 and they were free. people try to see a free outdoor event organized by the broadway league as celebrations take place during juneteenth at times square on saturday june 19 2021 in new york. parades picnics and lessons in history marked juneteenth celebrations in the a day that marks the arrival of news to enslaved black people in a texas town that the confederacy had surrendered in 1865 and they were free. people attend a free outdoor event organized by the broadway league during juneteenth celebrations at times square on saturday june 19 2021 in new york. parades picnics and lessons in history marked juneteenth celebrations in the a day that marks the arrival of news to enslaved black people in a texas town that the confederacy had surrendered in 1865 and they were free. people watch a free outdoor event organized by the broadway league during juneteenth celebrations at times square on saturday june 19 2021 in new york. parades picnics and lessons in history marked juneteenth celebrations in the a day that marks the arrival of news to enslaved black people in a texas town that the confederacy had surrendered in 1865 and they were free. women wait to perform during a free outdoor event organized by the broadway league during juneteenth celebrations at times square on saturday june 19 2021 in new york. parades picnics and lessons in history marked juneteenth celebrations in the a day that marks the arrival of news to enslaved black people in a texas town that the confederacy had surrendered in 1865 and they were free. people wait to perform during a free outdoor event organized by the broadway league during juneteenth celebrations at times square on saturday june 19 2021 in new york. parades picnics and lessons in history marked juneteenth celebrations in the a day that marks the arrival of news to enslaved black people in a texas town that the confederacy had surrendered in 1865 and they were free. parades picnics and lessons in history were offered saturday to commemorate juneteenth in the a day that carried even more significance after congress and president joe biden created a federal holiday to observe the end of slavery. in detroit which is about 80 black students from university prep art design school dodged rain to repaint massey s block long message power to the people which was created last year on downtown woodward avenue. the o in power was a red fist in memory of george floyd and other victims of excessive force by police massey said. juneteenth commemorates june 19 1865 when union soldiers brought the news of freedom to enslaved black people in galveston texas two months after the confederacy had surrendered. it was about 2 1 2 years after the emancipation proclamation freed slaves in southern states. biden on thursday signed a bill creating juneteenth national independence day. since june 19 fell on a saturday the government observed the holiday friday. at least nine states have designated it in law as an official paid state holiday all but one acting after floyd a black man was killed last year in minneapolis. in galveston the birthplace of the holiday celebrations included the dedication of a 5000 square foot mural titled absolute equality. opal lee 94 who was at biden s side when he signed the bill returned to fort worth texas to lead a mile walk symbolizing the 2 1 2 years it took for slaves in texas to find out they d been freed. officials in bristol rhode island unveiled a marker that describes the seaport s role in the slave trade. the marker was placed at the linden place museum a mansion built by gen. george dewolf who was a slave trader. the rhode island slave history medallion organization raises public awareness about the state s role in slavery. a street in fort lauderdale florida was renamed saturday for civil rights activists harry and harriette moore. harry was credited with registering more than 100000 black voters. they were killed on christmas day 1951 their 25th wedding anniversary when a bomb exploded under their bed. they were ordinary people who brought about extraordinary change and we are privileged to pay tribute to them here in broward county county commissioner dale holness said before the event. hundreds of people gathered for a free concert in new york s times square organized by the broadway league the trade group for the broadway entertainment industry. a juneteenth parade was held in evanston illinois a chicago suburb that is using tax revenue from marijuana sales to offer housing grants to black residents for past discrimination and the lingering effects of slavery. al sharpton offered a tough message during a speech at his national action network saying senate republicans who voted unanimously to make juneteenth a federal holiday should also support democratic bills that change voting laws and make it easier to crack down on rogue police officers. the celebration of juneteenth is not a party. the way to deal with juneteenth now is to deal with where race is in 2021 sharpton said. in portland maine joe kings said his great great great grandmother was enslaved. he has a picture of her on the wall of his auto detailing shop. as he has for years kings commemorated juneteenth with barbecue for adults and activities for kids. """
health,"enid okla. two new cardiologists have joined st. mary s regional medical center s medical staff giving northwest oklahoma residents greater access to cardiology services. according to a press release from st. mary s doctors nikunjkumar patel and charisse ward were welcomed to the hospital s team of providers. they will both join st. mary s cardiology clinic 310 e. patel started monday and ward will start next month on july 6. we are proud to be adding these two specialists both of whom have stellar credentials to our cardiology team krista roberts ceo of st. mary s said in the release. patel who started working monday received his medical degree from the university bristol medical school in bristol united kingdom. he completed his residency at east tennessee state university quillen dishner college of medicine johnson city tennessee and completed his fellowship at saint mary medical center university of california los angeles long beach california according to the press release. he is certified by the american board of internal medicine internal medicine cardiovascular diseases and interventional cardiology. ward who will start on july 6 received her medical degree from boston university. she completed her residency at yale new haven hospital in connecticut where she also completed her fellowships in interventional cardiology peripheral vascular cardiology and advanced heart failure heart transplant the release said. she is certified by the american board of internal medicine internal medicine cardiovascular disease and interventional cardiology and the american board of vascular medicine endovascular medicine according to the release. ward has served as general medical officer at the naval branch health clinic in athens georgia and has published a number of articles on peripheral arterial disease and other cardiology topics. in office services for patel and ward will include cardiac wellness diagnostic prescription medication and management pacemaker and defibrillator follow up arrhythmia care heart failure care ekg portable electrocardiogram ecg holter monitor device and more the release said. in hospital cardiac services include diagnostic catheterization radial access coronary intervention temporary and permanent pacemakers peripheral diagnostic and intervention icd defibrillator implantation intra aortic balloon pump coronary ct angiography cardiac computed tomography vascular ultrasound cardioversion and others the release said. we want to remind patients who have a cardiac condition or are living with heart failure to know they can receive quality care right here in enid roberts said. for more information on st. mary s cardiology services visit to schedule an appointment call the hospital s physician referral service at 580 249 3741. """
science,"it computer sciences 54 the group of educators gathered at arkansas tech university for the 2021 arkansas computer science and computing educator academy is representative of the variety found in arkansas schools and arkansas communities. i love the diversity of backgrounds said johnny key commissioner of the arkansas department of education while addressing the program participants on thursday. i think we have covered about all of the traditional areas of teaching. you are here because you want to do something that is important. it s important because our world has changed drastically. we must have students who are prepared to live in that world and do good with the technology that is out there. the governor has been very clear because our world has changed arkansas needs to be at the forefront and is now at the forefront of computer science education he added. acscea which is overseen by the arkansas department of education office of computer science is providing more than 20 arkansas residents who are employed by an arkansas public school district or intend to teach within an arkansas public school district with tuition free access to six credit hours of graduate study. according to information provided by ade program participants are learning basic computer science receive preparation for passing the computer science content knowledge praxis exam gain approval to teach high school computer science courses earn post secondary credits for academy completion and expand skills in specialized areas aligned to state adopted programs of study. grant funds from ade are covering the costs of enrollment and tuition for all participants. the roster of educators participating in the program includes rebecca ayers jessica blair thomas carreira anita cegers coleman debra charvat cheryl cox megan harley dean renee fernimen rachel fish dylan glover tracy griffin kawia higginbottom sheila hopson jo keeney john maxwell sheri maxwell blake medlock mark mitchell desha nelson darrell shaw jodi taintor and ginger wray. anthony owen state director of computer science for the arkansas department of education and a team that includes mark barnes jim furniss kelly griffin eli mcrae and zack spink are helping facilitate and deliver the curriculum. participants will be required to complete a total of three weeks 90 hours of training and will have multiple options to choose from for the final week which will be provided by the ade office of computer science during july. the two arkansas tech classes are aligned to courses within the atu master of science degree in information technology. the degree is offered by the atu college of engineering and applied sciences under the auspices of the atu department of computer and information science. sarah burnett who serves as stem project coordinator within the atu office of research and sponsored programs is the project coordinator for acscea 2021. key expressed his appreciation to arkansas tech for its collaboration in making the acscea possible. this came about really quickly said key. we birthed an idea and it happened because of a great partnership with arkansas tech. a lot of great things came together to make this happen. """
lifestyle,"brisbane is suddenly aflush with a new group of millionaires after three locals walked away with division one prizes in the weekend s saturday gold lotto superdraw. the south east queenslanders held three of the 14 division one winning entries across australia in saturday gold lotto draw 4165 drawn saturday 19 june 2021. each division one winning entry took home this morning an official from the lott confirmed the life changing win with a carindale man who made the incredible discovery yesterday. his division one winning entry was purchased at nextra carindale news shop 2004a westfield carindale 1151 creek road carindale. nextra carindale news store manager tracy renwick said they d been sharing the excitement and joy with their customers. the last time we sold a division one winning entry was in 2017 so we are very happy she said. we would like to congratulate our division one winner and wish them the greatest happiness with their prize. we are just so thrilled and excited to have sold this division one winning entry . victoria point woman kicks off her week with million dollar news . when an official from the lott called the victoria point woman this morning she had no idea her life was about to change in a very exciting way. the victoria point woman purchased her division one winning entry online at australia s official lotteries. new farm retiree lost for words over million dollar win . this morning a new farm resident was struggling to put into words how he felt about his million dollar prize. he purchased his division one winning entry at premier news casket shop 5 83 merthyr road new farm. premier news casket employee lakisha milley said the outlet had sold many division one winning entries over the years and they were thrilled a regular customer had added to the tally. he comes in every day to buy a lottery ticket and the paper. it is so nice to see it go to a local. the winning numbers in saturday gold lotto draw 4165 on 19 june 2021 were 30 40 34 14 41 and 12 while the supplementary numbers were 15 and 27. across australia there were 14 division one winning entries in saturday gold lotto draw 4165 five in queensland five in victoria two in new south wales one each in act and western australia. the lott s division one winning tally has now reached 213 so far this calendar year including 54 won by golden casket customers. in 2020 saturday gold lotto created 122 millionaires across australia. during this time there were 312 division one winning in saturday gold lotto entries across australia which collectively won more than million. there are more chances to win big with tuesday s oz lotto offering 5 million while thursday s powerball has 40 million up for grabs. tonight s set for life draw offers players the chance to win a division one prize of 20000 a month for 20 years that s 20k on replay set for life is the only game that allows you to play your numbers across seven consecutive daily draws meaning you have the chance to win 20k on replay every day of the week. the lucky lotteries mega jackpot prize is now million for draw 1537 while the lucky lotteries super jackpot prize is now million for draw 10472. tickets can be purchased at any licenced lottery outlet online from or via the lott mobile app. the home of australia s official lotteries the lott operates and markets australia s leading lottery games customers know and love creating everyday winners winning every day. """
labour,"germany is amazon s biggest market after the united states and the verdi union has been organising strikes at amazon in the country since 2013 to protest low pay and poor conditions. the pay increase is effective from july and compares with entry level pay as low as euros per hour for some locations though pay exceeded 12 euros in other locations. amazon s wages exceed germany s current minimum wage of euros per hour. but workers have regularly gone on strike such as last year to coincide with the trillion company s global prime day promotion event. they were disgruntled that a coronavirus bonus had been scrapped. a verdi official said that the increase was the least that the company could do after earning a pretty penny in recent months and that pay still fell short of its demands for many employees. amazon which saw net profit rise to billion in the first quarter more than tripling from billion the year earlier has faced similar criticism over conditions and pay throughout the globe. 1 euros . """
politics,"the idaho division of veteran services office of veterans advocacy will have a veteran service officer in orofino on wednesday june 9 and june 23 at the vfw hall 330 michigan avenue. the service officer will be available to assist veterans and their dependents with va benefit claims va medical center enrollment and various other types of va processes. the office will open at 9 and close at 3 those in need of these services should call the idaho division of veteran services lewiston region at 208 748 7663 to schedule an appointment. walk ins will only be seen as time allows. very important changes . when using our new mailing address the first line must be office of veterans advocacy . articles . rebecca jean beck 79 orofino . larry nygaard 89 formerly of orofino . black canyon snow slide update . trelawny j. bruce 78 orofino . highway 11 slide near headquarters may slow holiday traffic . notice city of orofino surplus sale . down memory lane for the week of may 26 2021 . arlene y. peel 85 lewiston . clarice moore 92 lewiston . pat bonner graveside service . videos . """
other,"hangzhou march 18 xinhua zhejiang province an e commerce heartland in east china reported a robust increase in online retail sales in the first two months this year. the online retail sales of the province in the period reached billion yuan about billion dollars up percent from the same period last year data from the provincial department of commerce showed. residents in the province home to the e commerce giant alibaba spent billion yuan on online shopping from january to february up 54 percent year on year. clothes shoes and bags home decorations as well as computers communication and consumer electronics ranked in the top categories in terms of online """
humanInterest,"bright coloured blossoms of an ornamental crab apple tree. blossoms that hang on the trees throughout the south peace or spring up on plants in gardens provide colour and a look to the future. many times the seasonal flowers point towards the promise of future fruit either for people or animals. spring blossoms provide colour and hope back to video . other times as in the case of flowers in a bed or planter it is the hoped for promise of nice summer weather with time spent in the yard gardening playing or relaxing. no matter the variety even the unwanted yellow flower of dandelions the blooms provide spring with its unique character while dulling peace country resident s memory of the past winter and pointing instead to summer which lies ahead. a nanking cherry blossom provides the promise of future randy vanderveen a chive bud sits on top of a stalk in preparation to bursting out into a purple flower soon. chives are one of the first fresh herbs put to use by cooks in the spring. photo randy vanderveen the bright colours of a marigold stand out in a newly planted display. the orange and yellow flowers flourish in direct sunlight. photo randy vanderveen mayday flowers hang from one of the more common trees used in landscaping in peace country farms both in farm and city randy vanderveen apple blossoms cling to the branches of a tree as they indicate the bounty of fall even early in the randy vanderveen a pansy adds a bright splash of colour to a flower bed. despite its name often used to denote weakness the flowers are actually quite hardy and do well in the peace. photo randy vanderveen apple blossoms cling to the branches of a tree as they indicate the bounty of fall even early in the randy vanderveen . """
religion,"cindy boynton demonstrates her ghost meter an electromagnetic field detector in milford june 6 2021. boynton will lead paranormal camps for kids this summer. ned gerard hearst connecticut media 2 3 . cindy boynton holds her ghost meter an electromagnetic field detector in milford june 6 2021. boynton will lead paranormal camps for kids this summer. ned gerard hearst connecticut media . cindy wolfe boynton creator of the popular spirits of milford ghost walks is offering ghost camp three hour one day sessions for children ages 11 18 to explore two sites in milford that are believed to be haunted. there will be plenty of ghost stories history lessons and scientific tools to measure paranormal activity. if you want to be a ghostbuster this is the summer program to go to she said. just like a spirits of milford ghost walk it s not scary some people may find it spooky. melissa okwuosa said she signed up her daughter olivia 13 because it s something different and fun for her to try. it can be hard to find activities that appeal to young teens. we have an interest belief and have had experiences with the paranormal supernatural so this seemed like it would be something fun as well as a learning experience okwuosa said. the kids learn the history of our area and of the energies around us and get a mystic adventure at the same time. we share the world with our ancestors so i am sure spirits are all around us more than we know. boynton a college professor and author of books that include connecticut witch trials the first panic in the new world and the new conjuring the devil my terrifying true story about working with paranormal investigators ed lorraine warren on the devil made me do it said campers will explore wilcox park where the paugussett indians are believed to haunt their former village. there are many ghosts stories associated with that area she said. they also will walk to milford cemetery to visit two sites the grave of andrew sanford who was accused of being a witch during connecticut s colonial witch trials and the monument that pays tribute to revolutionary war capt. stephen stow whose more than 300 year old spirit is said to have been captured in photos. campers will use professional ghost hunting tools such as emf detectors evp recorders and dowsing divining rods to be provided. they also will make their own ghost hunting pendulums and learn how to use them as well as a good luck evil eye bracelet that s said to provide spiritual protection. harnessing the energy from one s brain and nervous system makes the objects move and learning to use those tools is extremely empowering boynton said. it s about physics not hocus pocus boynton said. it really requires them to quiet their mind focus on a goal to tap into what science has proven. i tell people you are doing this tapping into . there is spiritual energy as well she said. as someone who is a college professor i m always looking for new tools and strategies to help my students believe in themselves boynton said. i say if you can make this dowsing rod move by using your mind what other amazing things can you do using your mind . she said they will look at the science versus the supernatural as is the case when any paranormal investigation is done. melanie olson is making the trek from woodstock to bring her son nathan 18. she signed up immediately when she found out about the program because he will be aging out. i looked it up and thought it would be a great time for nathan who has been interested in ghost hunting for a few years now she said. one of boynton s favorite things about her ghost walks is that she points out historical sites in milford and will do so in the camp. some of those include a cannon from the war of 1812 on the corner of broad and high streets and a grinding stone used in the 1600s in fowler s mill on the corner of new haven avenue and daniel street next to the memorial tower. campers also will hear stories about the infamous captain kidd and how the time he spent in milford led to charles island being cursed three times. signed up camper brady funk 14 is a third generation born and raised in milford. i find ghosts fascinating and i am interested in the history of milford brady said. his mother jennifer funk said brady loves the unknown and has always been fascinated with such thing ghosts bigfoot. asked whether she thought brady could get scared at the camp jennifer funk said he watched stranger things and was fine. boynton said the camp is during the day as opposed to the ghost walks at night and that s huge in terms of scare potential. while spirits of milford ghost camp is for the younger ones only there is an adult spirits of milford ghost hunt at milford cemetery june 25 for all ages from 8 10 30 as for the camp attendees must be at least 11 years old the sessions are three hours each and the times of the sessions vary 10 to 1 2 to 5 and 5 to 8 the sessions will take placebetween june 22 and aug. 7 and will begin near the entrance of wilcox park. for more information contact spirits of milford at 203 214 7554 or """
other,"at least 10 suspected anti asian hate crimes have been committed in new york city between january 1 and march 14 this year according to statistics from the new york police department s hate crime task force. ed jones afp getty images police officers hand out information leaflets advising how to report on hate crimes at a park in chinatown new york city on march 17 2021. the information highlights the recent spate of anti asian incidents felt in cities nationwide coinciding with the covid 19 pandemic that began last year. in 2020 there were 29 reported racially motivated crimes against people of asian descent in new york city and 24 of those were attributed to coronavirus motivation according to nypd data. racially motivated crimes against people of asian descent in 2019 totaled three. the nypd says it has increased its presence around predominantly asian communities and placed critical response command teams throughout the city in light of the shootings on tuesday in the atlanta area that left eight people dead six of them asian women. authorities in georgia are not calling the shootings a hate crime at this point and pointed to potential claims the suspect made that he has a sex addiction. new york city mayor bill de blasio said in a news briefing wednesday there was a major deployment of nypd counterterrorism forces in prominent asian communities noting wherever we get any reports of concern we re going to make sure to have real strong presence. three recent possible hate crimes are under investigation . just before 7 on monday a man in his 20 s approached a 41 year old asian woman at eighth avenue and west 37th avenue in midtown nyc according to the nypd. the man poured a liquid on the woman s neck and the packages she was carrying according to the police. the woman claims the man told her to go back to china before he left the scene. the woman who was uninjured reported the attack to the nypd police confirmed. the nypd asian hate crime task force is investigating the incident. in another incident on sunday a 25 year old woman told the nypd she was waiting to cross the street near east 22nd street and first avenue when a female suspect approached her and said you are n t from around here . go back to china which the victim told police made her fearful for her safety and caused annoyance and alarm. then the same suspect told a 31 year old man to go back to communist china which caused him to feel annoyed harassed and alarmed police told cnn. the nypd hate crime task force is investigating this incidents. the nypd additionally reported an incident on february 15 when a 27 year old man says he was pushed by an unknown individual while heading to his car. the alleged victim asked why he was pushed police said and the suspect made anti asian sic statements and punched the victim in the face. the nypd s asian hate crimes task force is investigating. david dee delgado getty images nypd officers hand out information about hate crimes in asian communities after mass shootings in atlanta left 8 dead including 6 asian americans on march 17 2021 continue reading show full articles without continue reading button for 0 hours. found the story interesting . like us on facebook to see similar stories . """
humanInterest,"editor s note every time we re needing rain we ll ask greg to write another dry weather column. as soon as he wrote this it rained across much of wisconsin. i waited to write about it i didn t want to perpetuate the trend by mentioning it. heat records were falling across wisconsin including in marathon county. we had a week of 90 plus temperatures and it was only early june. drought had been a concern in many parts of the state since less than normal snow totals melted in late february. finally the record june heat brought thunderstorms to much of the northern part of the state. for the first time since snow melted in february there were puddles june 10 on my red granite driveway. within days the woodlot flora turned heavy almost jungle like. some rows of corn in the area that were only a week prior threatened by frost stood in water. the air was cooler and grazing cattle were spread across lush pastures. with a second thundershower in as many days coming straight down on my 19 foot travel trailer sitting beneath a canopy of emerald hued maple leaves i finally felt free to write about how badly we needed the rain. i m not normally superstitious but when it comes to dry weather i let superstition creep in. after 30 years of pasture based dairying i m conditioned to being on edge when it s dry. i remember one old timer in my woodlot neighborhood saying all signs fail in dry weather. at first i didn t understand. then in the summer of 1988 i tired of hearing him say it. it was almost parrot like and it went on all summer during one of wisconsin s historically driest years. all signs fail in dry weather means just what it says. no matter the rain chances or direction of rain as told by doppler radar or one s favorite weather forecaster the water never falls on the earth. all indications that rain is coming fizzle. the year 1988 was when i first learned about farming in a drought. i experienced the frustration of knowing the calendar says it s time to make second crop hay but wondering if the scant alfalfa fields would yield enough to make it worthwhile. i learned about doubling tripling and quadrupling rows of cut hay with a side rake so they d be big enough to bale. i learned about ordering hay to be trucked from idaho to bolster my ravaged feed inventory so i could feed my 45 dairy cows. i recall buying a load of square bales from a farmer near iola wisconsin. first crop alfalfa from last year he described it over the phone. no grass just pure alfalfa. i spent more time sweeping stems from the feed manger than the cows did poking through it for leaf matter. it was all part of a learning process that had begun for me after graduating from an institute of higher learning. the year 2012 was also dry. in early september i began rationing the available grass on our 150 grazing acres in eastern marathon county. the cows were given strips of fresh grass along with supplemental silage twice daily. it lasted until deer hunting the pastures were grazed down hard. i was happy to have planted drought tolerant forage sorghum on rented acreage it went a long way toward feeding the herd that winter. i did a number of things to bring rain during dry stretches on the farm. i might leave a favorite sweatshirt hanging from a gate post figuring a good soaking would teach me a lesson. better yet i d leave my allis chalmers d 17 with the vinyl seat torn open exposing its foam interior outside rather than in the machine shed. that should make it rain for sure and i d be reminded every time i sat down to use the tractor for the next week. i never thought to leave the milk check outside overnight in an empty bucket. i bet that would have brought a gully washer. occasionally as rain approached i d sit with my guitar in the dining room leaving the door to our deck open to coax oncoming storms with minor chord progressions. soon the big fat raindrops would patter against the deck. at first they were scattered but then i d modulate to a different key and play a classic tune like midnight on the water to see if i could keep the rain coming. i treasure the memory of a mist of rain bouncing off the deck through the screen door onto my bare feet on the worn wooden floor. farming in a drought is stressful. hopefully some of those early june scattered storms reached your fields wherever you are friend. here s to timely rain for the rest of summer. see you in july when we can listen to the sound of tree frogs and july toads accompanied by a background of growing corn. greg galbraith a former dairy farmer who owns woodlot property in eastern marathon county wisconsin writes about the rapidly changing nature of the agricultural landscape. he has built a lifetime connection to the land and those who farm """
health,"you may have heard that the american heart association aha wants people to pay attention to obstructive sleep apnea osa especially if they have heart disease or risk factors such as high blood pressure. well i m going to tell you about it too. the aha put out a scientific statement in the journal circulation because osa can make heart disease symptoms worse. obstructive sleep apnea is when an obstruction disrupts your breathing at night. you might have symptoms like snoring or daytime sleepiness. in the statement the experts say that from 40 to 80 of people with heart disease have osa but it s under recognized an undertreated. obstructive sleep apnea can negatively impact patients health and increase the risk of cardiovascular events and death. this statement is to encourage increased awareness screening and treatment as appropriate for sleep apnea said dr. yerem yeghiazarians chair of the scientific statement writing group and professor of medicine at the university of california san francisco. risk factors for osa include high blood pressure heart rhythm issues worsening heart failure or coronary artery disease pulmonary hypertension metabolic syndrome or type 2 diabetes. the experts also say that if you re worried about having to take time to do a sleep study you might not have to. there are new ways to both diagnose and treat obstructive sleep apnea depending on severity of your """
other,"a coalition of states has filed a lawsuit against president joe biden and his administration over the president s decision to revoke a permit for the keystone xl pipeline. led by texas and montana 21 states have jointly filed a lawsuit against biden arguing that the president did not have the authority to unilaterally change an energy policy that congress had set when he revoked the permit on his first day in office. the lawsuit argues that only congress possesses the power to regulate interstate and international commerce including granting or rejecting permits for oil pipelines that cross an international border. since his first day in office president biden has made it his mission to undo all the progress of the previous administration with complete disregard for the constitutional limits on his power. his decision to revoke the pipeline permit is not only unlawful but will also devastate the livelihoods of thousands of workers their families and their communities paxton said in a statement on wednesday. this administration continues to tout imaginary green energy jobs without any recognition that their actions in the real world will make it impossible for hard working americans to put food on the table he added. the keystone kl which would be constructed as an extension to an existing pipeline system was designed by tc energy corporation to transport approximately 830000 barrels of oil from canada and montana to junctions in the middle of america and to refineries in houston. the permit to construct the mile stretch of the pipeline that was revoked was approved by president donald trump in 2019. the pipeline s construction and operation were modeled to create and sustain thousands of jobs and advance the united states to achieving energy independence. it was also designed to improve commercial relations with canada and provide tax revenues to high poverty areas. in his executive order signed in january biden said the revocation was necessary because the pipeline disserves the national interest. the united states and the world face a climate crisis the order stated. at home we will combat the crisis with an ambitious plan to build back better designed to both reduce harmful emissions and create good clean energy jobs. our domestic efforts must go hand in hand with diplomatic engagement. because most greenhouse gas emissions originate beyond our borders such engagement is more necessary and urgent than ever. leaving the keystone xl pipeline permit in place would not be consistent with my administration s economic and climate imperatives biden added. montana attorney general austin knudsen argued that there is no perceived environmental benefit to his actions. his attempt to cancel the keystone xl pipeline is an empty virtue signal to his wealthy coastal elite donors. it shows biden s contempt for rural communities in montana and other states along the pipeline s path that would benefit from and support the project knudsen said in a statement. other critics have said that the ban wouldn t stop oil being produced and that it would be transported by rail or truck instead of through the pipeline. texas states argue that biden had not consulted with them before making his decision nor did he consider the far reaching consequences his decision would impose on plaintiffs. the pipeline states as well as their counties local communities and school districts stood to gain tens of millions of dollars in tax revenue from the construction and operation of the keystone xl. the total estimated property tax from the keystone xl project in the first full year of operations would be approximately million spread across 27 counties in just three states montana south dakota and nebraska the lawsuit states pdf . these revenues would particularly benefit poorer rural areas providing a much needed influx of resources to fund important public and community services. revocation of the permit the states continued will cost them and their communities tens of millions of dollars in annual tax revenue and business and job opportunities for residents. the states are asking the federal court in texas to declare that the biden administration had acted unlawfully and unconstitutionally when he revoked the permit and seek to block the biden administration from enforcing its order to revoke the keystone xl permit. the other states who have joined in the lawsuit include alabama arizona arkansas georgia indiana kansas kentucky louisiana mississippi missouri nebraska north dakota ohio oklahoma south carolina south dakota utah west virginia and wyoming. """
disaster,"unicef and the global water partnership in africa highlight the need for joint efforts to combat water insecurity through increased investment in climate resilient water infrastructure. benedict mayaki sj . with increased changes in weather patterns and increased competition for water resources international organizations are warning that water infrastructure in africa is currently below the level necessary to ensure water security for people. the un children s fund unicef and the global water partnership in africa are calling on governments development organizations civil society and donors to rally around the urgent need to accelerate investment in climate resilient water and sanitation services in a statement released on wednesday. on top of that the covid 19 pandemic has brought an added sense of urgency with billions of people lacking access to handwashing facilities at home. the call to action comes just before the world day to combat desertification and drought commemorated on 17 june. this year the annual observance is focusing on the current commitment of several countries to restore degraded land into healthy land. illustrating the gravity of the situation the statement noted that more than 220 million children and their families in africa are water insecure due to circumstances where 58 percent of children in eastern and southern africa as well as 31 percent of children in west and central africa live in areas of high or extremely highwater vulnerability. many of these children are likely to miss school to fetch water the statement explained. they are also more likely to suffer malnutrition and stunting when droughts and floods impact agricultural food production and are prone to sicknesses when communicable diseases and infections spread due to contaminated water or lack of sanitation. in addition water insecurity limits economic growth and forces people to migrate due to increased water demand. for the water situation to be under control the african development bank estimates that us 64 billion should be invested annually to meet the 2025 africa vision of water security for all but the actual figure invested stands between us 10 us 19 billion per year. the reality is stark said the joint call to action by unicef executive director henrietta fore and jakaya kikwete former tanzanian president and chair of the global water partnership southern africa and africa coordination. urgent action is needed to transform the investment outlook for climate resilient water and sanitation services in africa they said. in the face of the situation the un children s fund is calling for support to respond to the urgent need for investment in climate resilient water infrastructure. unicef encourages development partners donors and the private sector to join efforts to provide technical and long term financial commitments through public private partnerships and innovative co financing mechanisms to support sustainable water and sanitation investments. the statement also insisted that investment in water governance as well as water and sanitation services must be prioritized at the highest political level by heads of states and government as the development community convenes for the 14th annual european development days from 15 16 june. in this regard the european commission also has an opportunity to prioritize water governance water and sanitation services and hygiene as part of the comprehensive strategy with africa in its programming cycle for 2021 2021. the statement concludes with an appeal to jointly work to transform the investment outlook for sustainable water infrastructure in order to ensure water security on the continent and contribute to a peaceful prosperous stronger and equitable africa now and in the future. """
social,finally the moment for which aditya waited so eagerly is here in the upcoming episode of star plus show imlie . aditya confessed his love to imlie but he always longed for imlie to confess her feelings. however now when imlie slowly and steadily realized how aditya has changed her life and how he is being supportive to her in every step of life . finally imlie stops aditya and says i love you to him giving a big smile on his face. as aditya caresses imlie s face when she thanks him imlie stops him from leaving and confesses her love to him. aditya and imlie are finally in love with each other in a real manner but their happiness doesn t last long because unfortunately aparna along with the family hear imlie s i love you to aditya. 
sport,"serbia in the 2021 women s volleyball nations league in rimini italy on june 7 2021. photo xinhua . rimini china s women s volleyball team suffered its fourth straight loss after losing to serbia 1 3 22 25 18 25 25 19 22 25 on monday here in the 2021 women s volleyball nations league. serbia s captain lazovic katarina scored a game high 26 points and caric sara contributed 22 points while li yao and yang hanyu only pocketed 25 points together for china. we entered the court with totally different energy and we fought hard said serbia s katarina lazovic. for us service is very important when we serve well we can do big things but when we have easy service we cannot play our game. especially against china who had a perfect reception she added. another tense game saw the dominican republic stun undefeated turkey in four sets 25 22 25 21 23 25 25 17 . top scorer pena isabel yonkaira paola gained 20 points for the dominican republic and senoglu tugba had team high 13 points for turkey. we really fought today. we were sad after yesterday s defeat but we knew that if we won today we would get our confidence back said niverka marte from the dominican republic. when we play together and we play as happy as we are then our victory is almost a sure thing she added. in monday s other matches thailand lost to russia 3 1 japan beat canada 3 0 the united states swept south korea 3 0 italy saw off germany 3 0 brazil defeated belgium 3 0 and the netherlands outlasted poland 3 2. """
health,"horrible 64 dead in ethiopian airstrike on tigray . in this image made from video an injured victim of an alleged airstrike on a village arrives in an ambulance at the ayder referral hospital in mekele in the tigray region of northern ethiopia wednesday june 23 2021. an airstrike hit a busy market in ethiopia s northern tigray village of togoga on tuesday and killed at least 51 people according to health workers who said soldiers blocked medical teams from traveling to the scene. in this image made from video eldana a one year old baby who was the victim of an alleged airstrike on a village is treated at the ayder referral hospital in mekele in the tigray region of northern ethiopia wednesday june 23 2021. an airstrike hit a busy market in ethiopia s northern tigray village of togoga on tuesday and killed at least 51 people according to health workers who said soldiers blocked medical teams from traveling to the scene. health workers in ethiopia s tigray region say an airstrike has hit a busy village market. in this image made from video an injured victim of an alleged airstrike on a village arrives in an ambulance at the ayder referral hospital in mekele in the tigray region of northern ethiopia wednesday june 23 2021. an airstrike hit a busy market in ethiopia s northern tigray village of togoga on tuesday and killed at least 51 people according to health workers who said soldiers blocked medical teams from traveling to the scene. in this image made from video an injured victim of an alleged airstrike on a village arrives in an ambulance at the ayder referral hospital in mekele in the tigray region of northern ethiopia wednesday june 23 2021. an airstrike hit a busy market in ethiopia s northern tigray village of togoga on tuesday and killed at least 51 people according to health workers who said soldiers blocked medical teams from traveling to the scene. in this image made from video mother tselat cries as her one year old baby eldana who was the victim of an alleged airstrike on a village is treated at the ayder referral hospital in mekele in the tigray region of northern ethiopia wednesday june 23 2021. an airstrike hit a busy market in ethiopia s northern tigray village of togoga on tuesday and killed at least 51 people according to health workers who said soldiers blocked medical teams from traveling to the scene. eds note graphic content in this image made from video an injured victim of an alleged airstrike on a village arrives in an ambulance at the ayder referral hospital in mekele in the tigray region of northern ethiopia wednesday june 23 2021. an airstrike hit a busy market in ethiopia s northern tigray village of togoga on tuesday and killed at least 51 people according to health workers who said soldiers blocked medical teams from traveling to the scene. addis ababa ethiopia ap ethiopia s military on thursday said it was responsible for a deadly airstrike on a busy marketplace in the country s tigray region. health workers said the attack killed at least 64 people including children but the military insisted only combatants were targeted. a doctor who managed to reach the market in togoga village after ethiopian soldiers blocked medical teams from responding to tuesday s attack described a horrible scene of badly wounded people lying on the ground crying in pain with no medical care. most of the patients taken to regional hospitals weren t critical he said the critical patients were already dead. like others he spoke on condition of anonymity for fear of retaliation. a military spokesman col. getnet adane told journalists that fighters supporting the tigray region s former leaders had assembled to celebrate martyrs day when the airstrike occurred. the ethiopian air force uses the latest technology so it conducted a precision strike that was successful he said. but the doctor who reached the scene said most of the patients we found were mothers children and elderly fathers. the airstrike wounded more than 100 people half of them seriously a regional health official said. health workers said ethiopian forces blocked medical teams from responding and shot at a red cross ambulance trying to reach the scene. bodies were still being pulled from the rubble and dozens of survivors were still arriving at regional hospitals with shrapnel and blunt trauma wounds two days after the airstrike said a doctor in the regional capital mekele. the international committee of the red cross called the transport of seriously injured to mekele a matter of life and death. even on thursday united nations spokesman stephane dujarric told reporters that the still hasn t been able to reach the scene. between the fighting and different groups on the ground we need clearance to go and we ve just not been able to get it he said. the airstrike one of the worst massacres of the war came amid some of the fiercest fighting in tigray since the conflict began in november as ethiopian forces supported by neighboring eritrea pursue tigray s former leaders. the ethiopian military spokesman denied tigray fighters claims of gains in recent days saying ethiopian forces had been deployed to other locations for monday s national election. the united states and the european union have condemned the airstrike in togoga that left children including a 1 year old baby. screaming in pain. a reprehensible act the state department said. denying victims urgently needed medical care is heinous and absolutely unacceptable. we urge the ethiopian authorities to ensure full and unhindered medical access to the victims immediately. we also call for an urgent and independent . the also called for an immediate cease fire in tigray where thousands of civilians have been killed and 350000 people are now facing one of the world s worst famines in years. at least 33000 children in inaccessible parts of tigray are severely malnourished and face imminent death without immediate help the latest humanitarian update said thursday. ethiopia claims that aid is being delivered to most of tigray s 6 million people but aid workers have said they have been repeatedly denied access to several parts of the region by soldiers. with ethiopia recently declaring tigray s former ruling party a terrorist group concerns have been widespread among tigrayans aid workers and others that anyone seen as linked to tigray fighters including civilians could be targeted. tigrayans were appalled by ethiopia s assertion that the airstrike was aimed only at combatants. it s an insult to the people and adding salt to the wounds you know said hailu kebede a former togoga resident and official with the salsay woyane tigray opposition party. he described how his brother who has a shop in the market ran for his life while his nearby home was destroyed. there were no combatants hailu said. the destroyed homes are those of my friends and my family. one of his friends lost a child in the airstrike while another child had her hand amputated he said. the real death toll from the airstrike could be even higher because some people likely took the dead home to their nearby villages and buried them without telling regional officials hailu said. madrid ap john mcafee the creator of mcafee antivirus software was found dead in his jail cell near barcelona in an apparent suicide wednesday hours after a spanish court approved his extradition to the united states to face tax charges punishable by decades in prison authorities said. berlin ap germany on monday opened a museum exploring the fate of millions of germans forced to leave eastern and central europe at the end of world war ii along with other forced displacements of the 20th and 21st centuries a sensitive project that has taken years to realize. eastern mediterranean sea ap britain s newest aircraft carrier hms queen elizabeth is helping to take on the lion s share of operations against the islamic state group in iraq naval commanders said. it has also piqued the interest of russian warplanes who try to keep tabs on its cutting edge f 35 jet in a cat and mouse game with british and pilots. moscow ap russia is prepared to target intruding warships if they fail to heed warnings a senior russian diplomat declared thursday after a black sea incident in which a british destroyer sailed near crimea in an area that russia claims as its territorial waters. dubai united arab emirates ap iran s president elect said monday he would n t meet with president joe biden nor negotiate over tehran s ballistic missile program and its support of regional militias sticking to a hard line position following his landslide victory in last week s election. in this image made from video an injured victim of an alleged airstrike on a village arrives in an ambulance at the ayder referral hospital in mekele in the tigray region of northern ethiopia wednesday june 23 2021. an airstrike hit a busy market in ethiopia s northern tigray village of togoga on tuesday and killed at least 51 people according to health workers who said soldiers blocked medical teams from traveling to the scene. in this image made from video eldana a one year old baby who was the victim of an alleged airstrike on a village is treated at the ayder referral hospital in mekele in the tigray region of northern ethiopia wednesday june 23 2021. an airstrike hit a busy market in ethiopia s northern tigray village of togoga on tuesday and killed at least 51 people according to health workers who said soldiers blocked medical teams from traveling to the scene. health workers in ethiopia s tigray region say an airstrike has hit a busy village market. in this image made from video an injured victim of an alleged airstrike on a village arrives in an ambulance at the ayder referral hospital in mekele in the tigray region of northern ethiopia wednesday june 23 2021. an airstrike hit a busy market in ethiopia s northern tigray village of togoga on tuesday and killed at least 51 people according to health workers who said soldiers blocked medical teams from traveling to the scene. in this image made from video an injured victim of an alleged airstrike on a village arrives in an ambulance at the ayder referral hospital in mekele in the tigray region of northern ethiopia wednesday june 23 2021. an airstrike hit a busy market in ethiopia s northern tigray village of togoga on tuesday and killed at least 51 people according to health workers who said soldiers blocked medical teams from traveling to the scene. in this image made from video mother tselat cries as her one year old baby eldana who was the victim of an alleged airstrike on a village is treated at the ayder referral hospital in mekele in the tigray region of northern ethiopia wednesday june 23 2021. an airstrike hit a busy market in ethiopia s northern tigray village of togoga on tuesday and killed at least 51 people according to health workers who said soldiers blocked medical teams from traveling to the scene. eds note graphic content in this image made from video an injured victim of an alleged airstrike on a village arrives in an ambulance at the ayder referral hospital in mekele in the tigray region of northern ethiopia wednesday june 23 2021. an airstrike hit a busy market in ethiopia s northern tigray village of togoga on tuesday and killed at least 51 people according to health workers who said soldiers blocked medical teams from traveling to the scene. """
sport,"ap the 12 members of the first olympic skateboarding team stepped on their boards and skated through a corridor of tall american flags in a joyful pack headed toward an outdoor stage to meet the world together. it was an appropriate introduction for a bunch of world class skaters who will represent the best aspects of this american born sport in tokyo no leaders no followers and plenty of love and support for the whole crew. i don t know if any of us imagined we would ever be up here getting ready to skate in the olympics said nyjah huston the five time world champion and california native recognized as the highest paid skater in the sport s history. but we ve all been working for this from a young age even before it was possible. i love skateboarding because it s the funnest thing on earth not only if you re one of us getting ready to skate in the olympics or just a kid out there skating in your skate park huston added. it s the freedom the love that brings us together and then the nonstop challenge the progression. huston is the most famous face among the 12 olympians who range from smiling teenagers to accomplished 30 somethings of different races sexual orientations and gender identifications. they ve all competed at their sport s highest level and they re all eager to perform when competition gets underway july 25 at ariake urban sports park. huston is joined by jagger eaton and jake ilardi on the men s street team while mariah duran is teamed with alexis sablone and alana smith in the women s street competition. bryce wettstein brighton zeuner and jordyn barratt are the women s park team while zion wright heimana reynolds and cory juneau comprise the men s park team. the group was appropriately unveiled in southern california where the sport was invented roughly 70 years ago in the parks streets plazas and empty swimming pools of 20th century america s sunshine wonderland. decades after the likes of tony hawk mark gonzales and rodney mullen carried this charismatic pastime into worldwide competition and capitalism skateboarding has reached the pinnacle of sports. josh friedberg a lifelong skater who now serves as usa skateboarding s ceo teared up repeatedly monday both before and after he introduced the team. i think the weight of what we ve accomplished is finally sinking in friedberg said. it was an overwhelming and exhilarating day to be here to have the chance to work on something since you were 13 years old and to finally have the chance to share that with the world. while the skaters all seemed thrilled by the spotlight trained on skateboarding the american team also reflected the slight ambivalence among many lifelong skaters still adjusting to the olympics welcoming inclusion of their beloved sport while it s still frowned upon or outright criminalized in large public parts of the world and while many skaters still do n t warm to the competitive aspects of what they consider a friendly communal lifestyle pursuit not a cutthroat athletic endeavor. some longtime skaters are still conflicted about how skateboarding s welcoming ethos fits into the competitive olympic framework and that includes the 34 year old sablone who is also an architect and artist living in new york. i never ever would have expected this sablone said. skateboarding is about freedom and all that stuff. in some ways it s not about competition but here we are. it s not something i ever predicted but it s an incredible honor to be here doing this. sablone noted that the sport s tradition of free expression and individuality shone through even in the skaters choice of kits for their unveiling given several items of team usa gear to choose from all 12 skaters picked a unique look. skateboarding has always been a home for me said the 20 year old smith who became the youngest medalist in x games history in 2013. growing up in not a very good household the people that i ve met through skateboarding have been my rocks. every time i needed something skateboarding was always there for me. i started all this at the lowest point and i would like to say that this is one of my highs and i get to do it with really great people. more ap olympics https sports . """
crime,"new york nardello co. llc a leading global investigations firm today announced that john auerbach has joined its new york office as a managing director. mr. auerbach brings over 20 years of experience managing complex domestic and international corporate investigations litigation compliance assessments and m a advisory projects. he has a decade of experience working on the ground in shanghai and throughout greater china and is widely recognized as a subject matter expert on issues related to fraud corruption and operational risk management in the region. most recently mr. auerbach was a managing director for the investigations and strategic intelligence practice at a global consulting firm in new york where he specialized in corporate corruption and financial crime investigations cross border litigation and compliance advisory. prior to this role he was a partner in the forensic services group at a multinational professional services firm and managing partner of the firm s forensic practice in greater china for nine years. he has also previously held the role of managing director and leader of the mainland china practice at a corporate investigations and risk consulting firm. it is a privilege to join the world class team at nardello co. said mr. auerbach. i look forward to leveraging my experience to provide our clients with best in class support as they grapple with these complex issues around the world. biography . john auerbach has over 20 years of experience managing complex domestic and international corporate investigations litigation compliance assessments and m a advisory projects. he specializes in corporate integrity issues related to anti bribery and corruption anti money laundering sanctions compliance third party risk management and financial fraud. as a forensic investigation business intelligence and compliance specialist he has led numerous high profile investigations and compliance reviews around the world in response to us and overseas regulatory enforcement including foreign corrupt practices act money laundering antitrust anti dumping and sanctions violations as well as securities fraud and accounting restatement matters. he has particular experience conducting these matters within the life sciences financial services consumer product and technology sectors. before that mr. auerbach was partner in the forensic services group at a multinational professional services firm. he was managing partner of the firm s forensic practice in greater china for nine years before returning to its us forensic practice in new york. before that he was a managing director with a corporate investigations and risk consulting firm and leader of the firm s mainland china practice. he is a fluent mandarin speaker and a widely recognized subject matter expert on issues related to fraud corruption and operational risk management in china. mr. auerbach holds an ma in international affairs from the fletcher school at tufts university and a ba in asian studies from bowdoin college. about nardello co. nardello co. is a global investigations firm whose experienced professionals handle a broad range of issues including due diligence anti corruption fraud investigations civil and white collar criminal litigation and arbitration support asset tracing activist defense political risk and strategic intelligence digital investigations and cyber defense monitorships and independent investigations and compliance. their clients include the world s leading law firms and financial institutions fortune 500 and ftse 100 companies high net worth individuals and family offices governments ngos sports organizations and academic institutions. """
religion,"chef giuseppe pino posteraro s cioppino s mediterranean grill and enoteca . restaurants come and go and then there are those that like a fine wine only get better with age. giuseppe pino posteraro opened cioppino s mediterranean grill and enoteca in yaletown in 1999 and it s been on all the best lists ever since including the best italian restaurants outside italy by 50 top italy and that was before its recent 2 million renovation. big names have dined at cioppino s over the years including frank sinatra bono george lucas jennifer aniston and al pacino. elvis costello and henrik sedin are local fans. to celebrate canada s 150th birthday celebrations pino cooked for the italian president at the top of grouse mountain. in response to the pandemic the legendary chef has been rolling with the restrictions he started doing takeout posting family style menus on social media in the morning and regularly selling out by 4 pm. other chefs refer to him as the master. all this from a father of four of humble beginnings who nearly didn t pursue cooking at all. his success comes down to his passion. i cook every single day pino says. i love it. when i m not cooking at the restaurant i cook at home. he adds being a successful restaurateur and chef doesn t mean being on tv every day. it s doing your job day in day out trying to be the best you can be as a human being and being loyal to people. pino grew up in lago a rural area in italy s calabria region in a family of eight. his mother was the only daughter of a baron as a young woman she was sent to study with professional chefs in naples and rome not to become a chef herself but to acquire skills for the day she would have a family. although though their family was not wealthy pino says they ate extremely well. my mother knew how to turn the simplest of ingredients into a masterpiece he says. she would take plain items and make something delicious. he began helping his mom in the kitchen before grade school. they had a garden chickens and pigs. pino recalls the celebratory ritual of the pig slaughter always on a friday. his mom would use the blood to make pudding with chocolate and pine nuts. they would clean the pig in the river then stuff it with peppers that the family had cured a year before. together they would slice the meat by hand using different cuts for various purposes some for sausage others for soppressata capicola and prosciutto. this was true head to tail dining there was no such thing as food waste. although he loved everything about food growing harvesting preparing and cooking pino nearly became a doctor. he spent two years in sicily attending medical school. what changed his mind was working with people who were very sick he found it too heartbreaking he wanted to see people happy. he worked at michelin star restaurants around the world and taught at george brown college before making his way to vancouver via toronto. more than a way to bring happiness to people food is a way to share his culture. for this pino has been named a knight of the order of the star of italy an award designated by italy s president. the knighthood recognizes individuals who promote italian prestige and relations internationally. pino received the distinction in 2018 the first chef in canada to do so. i never thought i d receive this award for doing what i do every day pino says. at the end of the day we are cooks but if we promote italian technique and traditions in canada it s an accomplishment. for more than 30 years my motivation has been to promote italian culture to the local community introducing italian gastronomy to a new generation of canadians. pino is extremely particular about the ingredients he uses with a demand for perfection that results in consistently superior dishes. the chef prioritizes local foods such as sustainable wild pacific salmon buffalo mozzarella from vancouver island veal from the fraser valley and fruit and vegetables grown on nearby farms. he also imports speciality items from italy that are ethically produced by small artisans such as saffron from calabria sardinia and abruzzo. he won t use foods with preservatives or genetically modified ingredients. he makes all of his own salami and other types of charcuterie such as organic air dried bresaola from scratch. pino brings in organic pigs from salt spring island and chilliwack slicing them by hand never by machine. he has the seasoning down to an exact science. making fresh pasta is his go to if he s having a bad day. it s not just cooking pino has mastered he also knows as much about wine as many top sommeliers. he personally creates the wine list at cioppino s which has a collection of approximately 45000 bottles including many hard to find and rare vintages. part of the restaurant s recent overhaul which saw a dividing wall come down making the entire room more open and airier was the addition of a spectacular central bar complete with a 50 bottle temperature controlled by the glass wine dispenser and preservation system. the chef also brought in two state of the art top of the line ovens from germany and the new patio is an urban oasis that his wife helped design with greenery like golden and irish yews. whether he s boxing freshly made lasagne to go the same kind he enjoyed on sundays with his family in italy or serving celebrities at safe physical distances pino is at home in the kitchen. italian heritage month in june is significant to him it means reinforcing a strong tie with the motherland and bringing it to a wider public attention he says. """
health,"american football 55 the cfl s board of governors voted monday to begin a shortened 2021 season in august. covid forced the cancellation of the 2020 season. the canadian football league is to return to the field in august ending a hiatus that will ultimately stretch to more than 600 days. the decision was announced monday following a unanimous vote by the cfl s board of governors. covid 19 forced the cancellation of the 2020 season. this is an exciting day for canadian football and for canada itself cfl commissioner randy ambrosie said in a media release. i want to thank our fans players coaches and partners for their incredible support and patience as we ve worked together towards this day. this is great news for everyone who loves our game and our country. the regular season is to begin aug. 5. the 2021 campaign will culminate dec. 12 with the 108th grey cup game to be played in hamilton. the full schedule is to be released tuesday. last year the league had hoped to roll out a shortened schedule in a winnipeg based bubble but those plans were scrapped after the federal government rejected a request for a 30 million interest free loan. there wasn t sufficient support among the nine teams for covering all the costs of a season that would have included six games per team plus playoffs. scheduling adaptations are also necessary for a 2021 season to unfold. each team will play 14 regular season games four fewer than usual due to the delayed kickoff. opening day was originally set for june 10 but those plans were scrapped in april when it became clear that covid was going to be a factor well into the spring and summer. at that time the league announced that it would revisit the matter in mid june and provide some clarity with the hope that widespread governmental approval for its return to play proposals would be provided and that a significant number of fans would be able to attend games. we are on track to receive all of the necessary health and safety approvals thanks to our tireless medical advisors and staff and the dedicated government officials who have been working with them ambrosie said. and while the outlook for fans in the stands varies from province to province we are confident that process is also on the right track. barring any setbacks and keeping in mind that covid is volatile and unpredictable the saskatchewan roughriders will play a 14 game schedule for the first time in 70 years. in 1951 saskatchewan posted an 8 6 0 record and finished first in the western interprovincial football union on the strength of a dazzling debut season by charismatic quarterback glenn dobbs. dobbs helped the roughriders reach the grey cup game for the first time in 17 years before the ottawa rough riders captured canadian football s most coveted prize by defeating saskatchewan 21 14. the following year the regular season was expanded to 16 games per team. two more games were added in 1986. the august kickoff to the regular season will be the first for the roughriders since 1969. that year saskatchewan opened its season with a 22 20 victory over the visiting lions on aug. also on monday the league announced that it had approved an amended collective bargaining agreement with the cfl players association which had provided its ratification last week. that clears the way for training camps to begin july 10. the league will not hold any pre season games this year. i want to acknowledge our governors for choosing to move forward in this very positive way today for their perseverance vision and our great players for working with us in a spirit of true partnership ambrosie said. words cannot express how grateful we all are to the health care and front line workers who have done so much to keep canada going. we at the cfl want to thank everyone who has chosen to get vaccinated. we encourage everyone to get a first shot or a second when it is their turn he said. the public health officials in every province keep telling us that as long as the vaccination rate keeps climbing and the number of cases of covid 19 is contained or goes down the more life will get back to normal including full capacities in our stadiums. the news seems to be flying at us faster all the time. from covid 19 updates to politics and crime and everything in between it can be hard to keep up. with that in mind the regina leader post has created an afternoon headlines newsletter that can be delivered daily to your inbox to help make sure you are up to date with the most vital news of the day. """
environmental,"winnipeg a severe storm rolled through parts of southern manitoba saturday night. many areas were under severe thunderstorm warnings and watches over the course of the evening with some areas still dealing with stormy conditions as of saturday at 10 30 environment and climate change canada said conditions are favourable for the development of dangerous thunderstorms that may be capable of producing damaging wind gusts large hail and heavy rain. in niverville it appears the storm was strong enough to cause damage to the arena. portions of the roof were ripped off and emergency crews could be seen in the area. environment canada confirmed to ctv news no tornadoes had touched down as of saturday evening though there were very strong winds in many areas. in menisino winds gusted up to 111 kilometres per hour. in st pierre jolys winds reached 107 kilometres per hour and 104 in emerson. environment canada said the storm is tracking towards the ontario border where more warnings are in effect. """
science,"culham scientists will share their expert research at the 47th european physical society s eps plasma physics conference this week june 21 june 25 . of particular note at the event europe s premier fusion science conference  hosted online for the first time ever will be a plenary talk from ukaea chief scientist william morris. entitled towards a fusion reactor integration of physics and technology   william s talk aims to provide an overview of the scientific and technical challenges facing the development of fusion energy and the importance of an integrated approach to developing designs for power plants  such as the eu demo and uk step programmes. further ukaea contributions include kevin verhaegh s talk accompanying his eps phd research award. this focuses on developing techniques to understand divertor detachment techniques used to minimise contact between the fusion device s plasma fuel and its divertor exhaust system using spectroscopic techniques on the swiss tokamak  tcv. this has led to new insights into understanding what drives the dissipation of particles in tokamak divertors something essential for future fusion devices  including iter and beyond. these techniques will be applied to ukaea s mast upgrade experiment to better understand the potential benefits of advanced divertor configurations. other work presented by ukaea at the event ranges from disruption mitigation in jet and stability in the core and edge of tokamak plasmas  to instabilities caused by fusion reactions  exhaust physics and the importance of confronting scientific and engineering challenges to develop integrated power plant designs. ukaea s science programme leader for mast upgrade  james harrison  said it s great to see such strong participation in europe s most prestigious plasma physics conference  with over 12 ukaea researchers attending. the breadth of contributions  on key topics for iter and other future fusion devices  shows how we re making a strong contribution to the success of fusion energy.' """
crime,"utah real housewives star seeks fraud case dismissal . file in this march 30 2021 file photo the real housewives of salt lake city star jen shah leaves federal court in salt lake city. shah who is married to an assistant football coach at the university of utah faces federal fraud charges in new york. real housewives of salt lake city star jen shah and her defense attorneys have asked a federal judge in new york this week to dismiss charges against her in a fraud case because officers allegedly coerced her into waiving her miranda rights when she was arrested in utah . salt lake city ap real housewives of salt lake city star jen shah and her defense attorneys have asked a federal judge in new york this week to dismiss charges against her in a fraud case because officers allegedly coerced her into waiving her miranda rights when she was arrested in utah. shah 47 and her assistant have been accused in a telemarketing scheme that federal prosecutors say took advantage of hundreds of vulnerable often elderly working class people the salt lake tribune reported. they both pleaded not guilty to multiple charges. shah faces multiple counts of conspiracy to commit wire fraud and conspiracy to commit money laundering. prosecutors said the scheme enticed people to invest in an online business opportunity and then sold them tax preparation or website design services despite many of the people not owning computers. prosecutors accused shah and her assistant of selling lists of potential victims that were generated from telemarketing sales floors in utah arizona nevada and elsewhere. the sale floor owners allegedly worked with telemarketing operations in new york and new jersey. shah was arrested march 30 by new york detective christopher bastos in salt lake city after she received a perplexing phone call. she believed the call was tied to an order of protection she has out against a man who once attacked her and was convicted of multiple felonies in new york. after the call she received another call from bastos believing it was also tied to the protective order. bastos who told shah to pull over as she was driving to a shoot in utah arrested her as a suspect in the telemarking fraud case. but as shah asked whether she was going to jail she told officials that bastos made her believe she might be in danger and that the police might be there to help me. shah s attorneys are arguing that she was coerced and pointed out that bastos knew her history with the man who prosecutors said was also involved in the scheme with shah and her assistant. although ms. shah waived her miranda rights she did not do so voluntarily but rather as a direct result of law enforcement deception and trickery calculated to overpower her will her attorneys said. her attorneys have also said that prosecutors have not provided enough information for the case to proceed arguing that she is accused of participating in a scheme with unspecified co conspirators in unspecified places and selling unspecified products and services to unspecified victims while laundering the money through unspecified accounts with unspecified financial institutions at unspecified times over an eight or nine year period. prosecutors have argued that they have turned over more than a million documents and the contents of hundreds of electronic devices which defense attorneys argue make it impossible to understand or respond to specific claims. shah s defense attorneys also argue she wasn t the only one who bastos lied to. they said some evidence was uncovered in searches authorized based on police statements that were inaccurate or incomplete. they argued bastos described shah as operator of two companies that allegedly did business with the sales floors but her attorneys said she was middle management of one and not an employee of the other. as a result the attorneys argued bastos falsely inflated shah s involvement. staff from the new york police department and the attorney s office for the southern district of new york did not immediately respond to the salt lake tribune s requests for comment. for copyright information check with the distributor of this item the salt lake tribune. a former minnesota state trooper who stopped at a crash scene in march 2020 took the victim s cell phone and texted himself her nude photos he admitted in court. the doj under trump seized records from house dems netanyahu lashes out as rule nears end florida supermarket shooting. plus the weekend forecast birthdays and more. file in this march 30 2021 file photo the real housewives of salt lake city star jen shah leaves federal court in salt lake city. shah who is married to an assistant football coach at the university of utah faces federal fraud charges in new york. real housewives of salt lake city star jen shah and her defense attorneys have asked a federal judge in new york this week to dismiss charges against her in a fraud case because officers allegedly coerced her into waiving her miranda rights when she was arrested in utah . """
religion,"west jordan under the welcome shade of the maple tree on the corner of countrywood lane the two girls carefully constructed their lemonade stand. they d painted the wood table in teal and pink stripes hung up a list of prices at the front next to a kindly suggestive jar marked tips and then for the finishing touch added a photo of their older sister makenzie madsen. from the frame she grinned so wide you could see all of her teeth just like the girls remember her always doing. above them the branches were quite a bit taller than when makenzie used to sit in the same spot every summer to sell her own creations snow cones and cookies and even a banana cream pie that the neighbors here still talk about. oh that chocolate crust one said. so good. a few remembered going back to their houses to try to scrounge up enough change beneath the couch cushions to afford another slice. on saturday they returned again. this time to honor makenzie. two of her little sisters have taken over her favorite sidewalk business in her memory. and every quarter that landed on the counter the girls decided to donate in the hopes that no other kid might die like her. we re doing this so kids who need hearts we can help them get it said myleigh madsen age 9. her younger sister makayla 7 stood faithfully by her side pouring cups of lemonade as customers lined up. makenzie who everyone called mak n cheese died last year when she was 14 years old after waiting more than 300 days in the hospital for a heart and kidney transplant that never came. born with congenital heart disease she had received a first transplant when she was 17 months old said her mom monica madsen. but as she grew older the heart grew weaker. it failed on july 13 2020. i just really miss her said makayla shyly hiding behind her mom s legs. we used to make slime together. that was her favorite color. that s why the sisters picked that shade for their lemonade stand the same color too as the tiny casket that makenzie was buried in. the girls spent their allowances and saved money from birthday cards to build the structure. no one in the family has been able to touch yet without crying the old folding table that makenzie used to sit at when she did her own lemonade and desert sales a ritual of childhood and a reminder that she didn t get to grow up. there were plenty of tears saturday too as they stood in front of the home where she used to. but many smiled as well as they talked about her love for the greatest showman and tried to imitate makenzie s unique way of yelling lemonade. makenzie who her family says could be really sassy would roll her eyes dramatically when she said so. hearing their calls one little boy pulled 50 cents worth of pennies nickels and dimes out of his pockets. he downed the drink and then crushed the clear plastic cup with a satisfied ah others lined up for refills. one man said oh that s good stuff . isaac hale special to the tribune drake pires 6 of orem sips lemonade as the madsen family works a lemonade stand in front of their home in west jordan on saturday june 12 2021. by the end of the afternoon myleigh and makayla tried to count how much they d raised but their mom had to help a little with the accounting and making sure people got their change. still some donated 20 and 50 to the cause. myleigh s eyes lit up when she said we got 200 from our uncle. we re going to raise billions for kenzie. monica madsen laughed. yeah something like that. they re giving the money to donorconnect a nonprofit that helps procure organs for transplant in utah and the west. currently there are 10 kids in the state waiting for a heart like makenzie was. at least one person under the age of 17 here has been on the list for more than five years said dixie madsen the spokeswoman for donorconnect. there s just not enough organs for everyone who needs one she said and that s often especially the case for kids. altogether in utah 829 people of all ages are waiting for an organ transplant including hearts kidneys livers and lungs. both intermountain healthcare and university of utah health have reported doing more transplants in 2020 than the year before despite the coronavirus pandemic delaying many surgeries. intermountain did a record 222 up from 186 in 2019. the u. completed 233 an increase from 195. it s still not keeping pace said madsen who s not related to makenzie madsen or her family. a sign outside the lemonade stand which will be open every saturday this month encouraged people to sign up to become donors at the girls wrote it out in colorful markers. all proceeds go to organ donation awareness in honor of our sister makenzie and all the donors. monica madsen said makenzie used to loved baking treats but hated eating them. she used to make them for all the doctors and nurses who took care of her including many requests for extra banana cream pies. makenzie s favorite part though monica said was setting up outside with her snow cone machine just so she could talk to people walking by. she d just be out there chatting for hours holding people hostage with her stories monica said laughing and wiping away tears. photo courtesy of donorconnect pictured is makenzie madsen. she died july 13 2020 at the age of 14 while waiting for a heart transplant. the family tried to do the same saturday talking with neighbors about their favorite memories of makenzie. monica recalled how makenzie read every junie b. jones book that she could get her hands on. tyler madsen makenzie s dad stared at the picture of makenzie on the table remembering the day it was taken after she rode on a helicopter. and the family s youngest child paetyn who s 1 year old they noted loves to kiss the picture frame when it s in the house. ashleigh madsen 23 makenzie s older sister said she took makenzie for the first ride when she bought her new mazda. her little sister scrolled through her playlist to pick a song and landed on crazy train by ozzy osbourne. we just jammed it full blast ashleigh recalled with a laugh. this tiny girl was rocking out. her little brother braxton 13 joked about how makenzie always reminded him that she was older even though i was bigger than her. the two shared a room and used to cut out paper snowflakes every christmas to decorate it which he brought to the hospital for her when she was waiting for a heart. there were stories about makenzie squealing on a zip line running through disneyland to get to splash mountain and dressing up anyone who was willing as a princess. her two little sisters myleigh and makayla recounted how makenzie used to chase them away from her lemonade stand only to welcome them back so she could teach them how to operate it. they said they wished she was there saturday. they were having a hard time remembering all of her instructions and they wanted to make her proud. and as they talked standing under the maple tree with the blue sky peeking through the leaves that made everyone smile wide with all their teeth showing. isaac hale special to the tribune the madsen family from left paetyn 1 monica makayla 7 braxton 13 myleigh 9 and tyler pose for a portrait by a lemonade they errected in front of their home in west jordan on saturday june 12 2021. all proceeds from the lemonade stand are to be donated to donorconnect in honor of the family s late daughter makenzie who passed away last summer at the age of 14 while waiting for a heart transplant. """
education,"renton high school pictured could end up changing its nickname from indians if a bill is approved in this year s legislative session. ivy pete remembers attending high school football games in her hometown. but instead of pride for her school she felt humiliated. pete a junior in high school in spokane and member of the pyramid lake paiute tribe said she experienced constant reminders of how her school used native images and names. the front office hosts a glass case containing two indian mannequins dressed in regalia akin to animals in a zoo she said. that her school would show such misrepresentations of a diverse culture she said only added to her frustration. why do we allow it to continue as harm is being done to our native students pete told the senate early learning k 12 education committee when she testified in support of a bill that would ban the use of native symbols names or images as public school mascots logos or team names. debra lekanoff d snohomish sponsored hb 1356 and said she felt it was time to address the lack of cultural sensitivity when it comes to using native images or names. lekanoff is the only native american member of the legislature. the regalia that native americans wear are intertwined within their cultures intertwined within their laws lekanoff said. when we see others in a mascot form using our regalia using our deer hide and salmon skin using the feathers and using them in mockery this is not a way in which we feel we are being honored. the proposed law would not apply to schools within tribal reservations or trust lands. schools who bought team gear or uniforms with native imagery before january 2022 would not have to return them but would still have to choose a new team name and logo before the end of 2021. this exception would also only apply to sports gear the school would still have to immediately stop including native imagery in any school newspaper or yearbook on any sign or on any program. in the bill s fiscal note the office of superintendent of public instruction does not anticipate costs to the ospi but the note adds that specific costs to affected schools could not be determined. in california a new state law changed the names of 44 schools at a cost of 23000 per school or 1 million to the state. for washington state more than 30 schools would have to replace their mascots to comply with hb 1356. the bill received widespread support when it passed the house feb. one of the five opposers was rep. brad klippert r kennewick who said he wanted to continue to feel proud of his own high school team and denied that the use of the name was disrespectful. we don t have the name of kamiakin high school as the kamiakin braves as a sign of disrespect. it s quite the opposite he said. pete said seeing her culture in her school only served to hurt her own self image as a student. i was that humiliated girl in the stands of her high school football games pete said. i do not feel honored and i do not feel proud. hb 1356 was voted out of its committee and now heads to the senate ways means committee for public comment. """
crime,"while not an overly complicated benefit initially signing up for medicare can be an overwhelming and anxiety inducing process. the intersection of health and wealth it s the foundation of a happy and successful retirement. and a major component in that equation will be your client s retirement health care coverage provided through medicare. while not an overly complicated benefit initially signing up for medicare can be an overwhelming and anxiety inducing process. medicare consists of an alphabet soup of plans coverage choices premium levels and enrollment rules. all that said there are a few key decisions your client will be required to make regarding their medicare coverage . what components of medicare should your clients choose to sign up for and how much can they expect to pay for the coverage . what are your clients options if they plan to keep working beyond age 65 . biden s plan for social security and medicare . here are some issues to discuss with your clients to help them make the best decisions. rather than waiting until the last minute to begin researching coverage options the time to start planning is now even if your client is still several years away from their 65th birthday. begin by reviewing the different parts of medicare with your client and what each component covers . part a hospital coverage covers things like inpatient hospital stays some home health care skilled nursing facility care and hospice requires no out of pocket annual premiums but has both annual deductibles and copays. part b medical coverage covers things like doctor visits outpatient services x rays and lab tests as well as preventive screenings carries both annual deductibles and copays and requires monthly premium payments. part c medicare advantage is a private all in one alternative to medicare that covers the services associated with parts a and b and usually part d . on the plus side these bundled plans tend to be more affordable and may offer broader coverage for example vision hearing and dental. providers must be medicare approved. but the plans typically come with greater restrictions and most plans act as hmos and require plan participants to go to their network of doctors and health care providers. part d prescription drug coverage is an optional add on prescription drug coverage that requires monthly premiums annual deductibles and copays. your client will need to enroll in an approved plan and be covered under both medicare parts a and b or part c . medigap is offered by private insurers to help fill any coverage gaps in part a and part b such as copayments coinsurance deductibles and potentially foreign travel health emergencies. there are 10 different types of medigap plans some cover more out of pocket costs than others. when considering medicare elections try to factor in your client s anticipated future health care needs. does your client have any pre existing conditions or a family history of chronic disease if so your client may want to explore more robust coverage options such as a medigap policy. medicare is generally available to anyone age 65 or older as well as to younger people with qualifying disabilities . part a is available premium free if your client paid medicare taxes for at least 10 years 40 quarters of their working life. if your client has fewer work credits than that however they ll be required to pay a monthly premium. for 2021 the premium would be 259 month if your client had between 30 39 quarterly credits or 471 month if your client has fewer than 30 quarterly credits. high income earners may also need to factor income related monthly adjustment amount irmaa surcharges into their medicare cost calculations. depending on your client s modified adjusted gross income agi from two years prior and their tax filing status they may fall into one of five income brackets that are subject to incrementally higher surcharges. for example a married filing jointly taxpayer had a 2019 modified agi of 500000. for 2021 this income amount falls in irmaa bracket 4 330000 to 750000 so their monthly part b premium would increase from to and they d be subject to a 71 surcharge in addition to what they pay for their part d coverage. any part b irmaa surcharges are added to your client s part b premium while part d irmaa surcharges are paid separately to medicare. it s important to note that medicare treats irmma payments the same as any other premium bill. if your client doesn t pay the surcharge on time they could potentially lose their coverage. if your client is working past age 65 and covered by their employer s health plan they can choose to defer signing up for medicare without incurring any penalties. in this case they ll be required to enroll for part a and or part b during their special enrollment period sep that begins the month after their employment or group coverage ends whichever comes first and lasts for 8 months. if your client chooses to continue their employer health coverage under cobra however it won t delay the start of their sep enrollment window. even if they re still working and covered by an employer s plan your client may want to enroll in medicare part a when they turn age 65 because it s usually premium free. the only real downside is that your client will no longer be eligible to contribute any additional pre tax dollars to their employer health savings account hsa . generally your client should stop contributing to an hsa six months before they enroll in medicare. if your client decides to enroll in medicare at 65 and stop contributing to an hsa they can continue to use their hsa for qualified medical expenses for as long as they have funds in their hsa. they ll therefore already be signed up and can simply add part b and d or choose a medicare advantage plan during their sep to postpone paying the monthly premiums until they actually need the coverage. for most people medicare coverage begins the first day of the month they turn age 65. if your client has already started receiving social security benefits they ll automatically be signed up for medicare part a and part b. if they haven t yet made a social security benefit claim they ll need to submit a medicare application. to avoid any coverage gaps or potentially higher premiums if they re not still covered by their employer plan they must sign up during their 7 month initial enrollment period iep spanning the three months preceding and following the month in which they turn age 65. in addition to the 7 month iep and the sep 8 month enrollment period that kicks in after they leave their employer s plan here are other annual enrollment dates they ll want to be aware of . general enrollment period those who missed their iep and sep can sign up during medicare s general enrollment period jan. 1 to march 31 with coverage taking effect on july 1. open enrollment period clients can join switch or drop a plan each year from oct. 7 with new coverage taking effect the following jan. part c open enrollment period if your client enrolled in a part c medicare advantage plan they can change plans each year between jan. unlike social security which rewards individuals for delaying their benefits depending on the circumstances your client could be penalized with higher monthly premiums if they fail to enroll in medicare on time. while the penalties for part a and part d are small the penalty for part b can be substantial. this penalty will be assessed for twice the number of years they delay signing up. so if your client waits two years beyond their first eligibility to enroll they ll be required to pay the higher premiums for four years. part d while typical small penalties for late enrollment in a medicare prescription plan are assessed for as long as individuals have coverage. the amount is calculated as 1 of the national base premium in 2021 for the total number of months of delay enrolling in part d. for the same 2 year 24 month delay above it would translate into a penalty x . here s where the penalties can become quite steep . part b for failing to enroll in part b the penalty is 10 for each 12 month period of delay. let s say your client turned age 65 in march of 2014 but didn t enroll in medicare until march of 2021 and had no employer plan during that time . your client s monthly premium will be 70 higher for as long as they have coverage. there s no late enrollment penalty for part c or medigap insurance although your client could be subject to underwriting and medigap rates may go up dramatically if they delay signing up . additionally they ll have an opportunity to dispute any penalties and or surcharges that are assessed by filing an appeal with the centers for medicare medicaid services. forms can be found on their website at 1 and march 31. unlike social security which rewards individuals for delaying their benefits depending on the circumstances your client could be penalized with higher monthly premiums if they fail to enroll in medicare on time. while the penalties for part a and part d are small the penalty for part b can be substantial. part a your client may be assessed a 10 increase in their monthly premium if they don t qualify for premium free coverage and fail to enroll when they re first eligible. this penalty will be assessed for twice the number of years they delay signing up. so if your client waits two years beyond their first eligibility to enroll they ll be required to pay the higher premiums for four years. part d while typical small penalties for late enrollment in a medicare prescription plan are assessed for as long as individuals have coverage. the amount is calculated as 1 of the national base premium in 2021 for the total number of months of delay enrolling in part d. for the same 2 year 24 month delay above it would translate into a penalty x . here s where the penalties can become quite steep . part b for failing to enroll in part b the penalty is 10 for each 12 month period of delay. let s say your client turned age 65 in march of 2014 but didn t enroll in medicare until march of 2021 and had no employer plan during that time . your client s monthly premium will be 70 higher for as long as they have coverage. there s no late enrollment penalty for part c or medigap insurance although your client could be subject to underwriting and medigap rates may go up dramatically if they delay signing up . additionally they ll have an opportunity to dispute any penalties and or surcharges that are assessed by filing an appeal with the centers for medicare medicaid services. forms can be found on their website at in most instances the entire medicare enrollment process can be completed online at the site provides extensive information along with resources to help your client select the right coverage for their circumstances . """
humanInterest,"recently my children and i were studying the parable of the sower and the different soils in sunday school. when it came to teaching about the rocky soil god gave me this neat idea of showing them rocky soil and then planting something in the little plastic box. so i gathered little plastic boxes like you put food up in from the dollar tree and scooped up different sized rocks and the soil from around my place that week before excited about the truths we would learn. sunday i explained to them that jesus said that some seeds fell on rocky soil and can things grow in rocky soil they said they could not because it wouldn t let the roots grow. so we gathered in a circle on the floor and i gave each of them their little boxes and we put a few small stones in the bottom of the boxes for drainage and i gave them some soil to put on top of that. i thought i took all those out i said. now when we put these big stones on top of this soil what happens to the water when it is poured on . it doesn t get through the youngster said can i please keep the worm that is in my box i like worms they are good for the soil. yes they are good for the soil and you may keep the worm in your box. so if we sow this seed into the box and those stones are over it will it grow . no i heard. those rocks are in the way of the light and plants need light. i don t have a worm for my box can i have a worm for my box . i looked over into my dirt and saw several squirming victims. yes you may have a worm for your box i told the little boy. looks like i have plenty for all of you to have a worm in your box i replied. so jesus is talking about people s hearts in this parable and when it comes to the stony soil what should we do we pray for that person before we sow god s word. before we give them god s word either by handing them a card with a scripture on it or just speaking it pray that god will remove the stones from their hearts so they can receive his word. pray that they will have ears to hear but that god will remove the stones such as unbelief uncaring unthankfulness that have hardened their hearts so the seed can grow and flourish. we spent a few minutes taking the big rocks from the top of their soil and i gave each of them several flower seeds to plant in their box. that s okay i m going to give you a lid to put on the box until you get it home so that the worm won t be climbing out during bro. so with boxes of planted seed and lids safely on i turned my little flock loose on the world worms and """
politics,"clatsop community action has a new veterans service officer. josh davis a army veteran and former veterans service officer for multnomah county has been on the job since early june. he replaces stephen bobian a coast guard veteran who was hired last year after clatsop county shifted the contract for the position from luke thomas a coast guard veteran to clatsop community action. josh davis is the county s new veterans services officer. the nonprofit operates the regional food bank and provides housing energy assistance and other critical services to low income people. the goal was to expand outreach to the county s more than 3600 veterans and help make the agency s social services more accessible. davis said his goal is to teach caseworkers at the agency about his role so they know to refer veterans who may be eligible for benefits. he said that while his role is to help veterans obtain benefits that is only part of the job. he wants to help create a more supportive community for veterans. and the va department of veterans affairs as innovative as it tries to be it s still the va and it s clinical davis said. and it s sterile and there s not as much warmth there. so a lot of what we are seeing in the community is veterans are not and their families are not engaging in va services. it s not that there s a lack of services. the services are there but they re not engaging and they re not engaging in these services for a reason. as much as they have tried to augment different types of things the framework is still there. they have not changed the framework and they ve not changed the culture enough to really truly serve veterans and particularly vulnerable veterans. davis who grew up in columbia county and was deployed three times said the north coast is where he convalesced after returning from iraq in 2005. he began working as an advocate for veterans about eight years ago while he was attending lower columbia college in longview washington. i knew that i wanted to do something that had to do with community building or community development or care but i did n t know what yet davis said. and so i was working on my transfer degree and i was always at the veterans information window at the registrar s office and there was always some kind of problem like my pay was wrong or it was late or i got dropped from a class because the university did n t receive payment from the va but they know that it s coming. and there was always constantly an issue. other veterans were having similar problems and davis found that part of the problem was that the information counter was short staffed. he began working at the information counter. he learned the system and helped create a framework to make it easier for veterans to get the information they needed. over the next couple of years he took on more responsibility and became president of the student veterans club. while receiving his degree in social work from portland state university davis began working with veterans in multnomah county and then became the county s veterans service officer. all of a sudden . the fire started burning and i was like ok this is what i m supposed to do davis said. i m supposed to build communities and be with veterans. """
crime,"business trafigura warned credit suisse over gupta invoice last year . commodity trader trafigura said last year that the bank s supply chain financial fund contained a suspicious invoice from businessman sanjeve gupta s business empire according to three people familiar with the matter. collapse of a 10 billion credit suisse fund suite with invoices linked to failed supply chain finance professionals green sill capitalinfuriated swiss bank customers who poured billions of dollars. credit suisse warns billion in debt connections with one of greensill s largest customers metal giant gupta can be difficult to regain. once one of britain s most valuable financial starters greensill applied for power in march counting former prime minister david cameron as an advisor. in july 2020 trafigura warned credit suisse over the so called accounts receivable listed in one of the supply chain finance fund s annual reports. accounts receivable indicates that trafigura is borrowing money from gupta s liberty commodities. gupta s liberty commodities is his leading metal trading business founded nearly 30 years ago and is part of the gfg alliance. before the collapse in march greensill lent money to clients including liberty and received invoices from suppliers and customers as collateral. the loan was then combined into an investment and sold primarily to a fund run by credit suisse. the fund account in question shows that liberty commodities has raised 30 million from greensill for a 30 million claim to trafigura one of the world s largest trading companies. that is credit suisse fund investors should have received a return when trafigura paid the invoice. however trafigura executives told credit suisse bankers that they didn t believe the bill was genuine a person familiar with the matter told. credit suisse internal review of funds. credit suisse executives subsequently contacted lex greensill the founder of the financial company of the same name according to two people familiar with the matter. credit suisse trafigura greensill capital and gupta s gfg alliance all declined to comment. trafigura s intervention was revealed because credit suisse s level of due diligence on the fund has attracted increased scrutiny. multiple class action proceedings involving dozens of wealthy investors in the fund are accelerating. the bank s commodity trade finance division shared concerns with gupta with compliance officials bloomberg reported last week. financial times report in april greensill s loan to liberty commodities was based on a suspicious invoice. the british serious fraud office last month the investigation has started suspected fraud and money laundering at gfg including a financing arrangement with greensill. gfg denied cheating and promised to fully cooperate with the sfo s investigation. so april letter gupta has allowed ft to raise funds for potential customers of liberty commodities because greensill s facilities allow promising or future accounts receivable. however according to a document sent by credit suisse to investors in april liberty commodities did not have a so called future accounts receivable system and could only raise funds for existing invoices. according to a gfg december 2019 document viewed by the financial times liberty commodities had the usual accounts receivable feature but greensil provided future accounts receivable to some industrial businesses. this is in contrast to the function. the ft has previously reported that several european metal companies listed on invoices from liberty commodities have denied trading with gupta s group. gfg had previously denied cheating in response to ft reports. in contrast to these companies trafigura has recently had a multifaceted relationship with gupta who started his career as a commodity trader before buying a metal factory. in addition to purchasing metal from gupta we also offer a trading company part of a 350 million loan it confirms the purchase of a french aluminum smelter in 2018. trafigura warned credit suisse over gupta invoice last year trafigura warned credit suisse over gupta invoice last year . """
environmental,"a sign for the dakota access pipeline is seen north of cannonball and the standing rock reservation on thursday may 20 2021. ap dakota access oil pipeline opponents asked a judge friday to require the pipeline company and the army corps of engineers to provide detailed monthly status reports while the federal government conducts an extensive environmental review of the project. the request comes after district judge james boasberg ruled in may that the pipeline which carries oil from north dakota to a shipping point in illinois may continue operating while the army corps of engineers conducts the review known as an environmental impact statement. boasberg issued his may ruling after attorneys for the pipeline s texas based owner energy transfer argued that shuttering the pipeline would be a major economic blow to several entities including north dakota and the mandan hidatsa and arikara nation in the heart of the state s oil patch. earthjustice attorney jan hasselman who represents the standing rock sioux and other tribes said a decision on whether to appeal that order could come later. attorneys for the standing rock sioux and other tribes say the pipeline is operating illegally without a federal permit granting easement to cross beneath lake oahe a missouri river reservoir near the standing rock reservation that is maintained by the corps. they said preventing financial loss should not come at the expense of the other tribes especially when the law has not been followed. the standing rock sioux which more than four years ago sued the corps for granting permits that led then president donald trump to approve pipeline construction draws its water from the missouri river and says it fears pollution. the company has said the pipeline is safe. the billion 1172 mile 1886 kilometer pipeline began operating in 2017 after being the subject of months of protests during its construction. environmental groups encouraged by some of president joe biden s recent moves on climate change and fossil fuels were hoping he would step in and shut down the pipeline. but the biden administration left it up to boasberg. attorneys for the tribes on friday also requested that boasberg s court retain jurisdiction over the litigation until the environmental work is completed and a new easement is issued. boasberg ordered further environmental study in april 2020 after determining the corps had not adequately considered how an oil spill under the missouri river might affect standing rock s fishing and hunting rights or whether it might disproportionately affect the tribal community. """
economy,"more info collectible toys games . larger pieces of macdonald tarzan toys from the 1990 s happy meals. in great collectible condition. each. the following services are also made available by this seller. please reach out to them for more info as there may be additional costs. offers curbside pick up . offers cashless payment . 15 visits . larger pieces of macdonald tarzan toys from the 1990 s happy meals. in great collectible condition. each. additional options . the following services are also made available by this seller. please reach out to them for more info as there may be additional costs. offers curbside pick up . offers cashless payment . """
religion,"in the opening moments of genius aretha cynthia erivo s aretha franklin is seen on stage as her career begins to skyrocket. the scene then cuts to franklin in a gaggle of reporters peppered with questions one of which comes from a man asking whether her children were in the audience. franklin responds it s past their bedtime. to which the man snickers in reply weren t you a mother at that age . genius aretha is one of several recent series in both the scripted and docuseries space that offers nuanced and unapologetic portraits of female historical and pop culture figures. telling their tales now and under the careful influence of female leadership allows these projects to reflect the cultural awakening about sexism and gender stereotypes that existed in film and tv since the days of silent movies. with genius aretha the deft female hands behind the scenes include courteney monroe president of national geographic global television networks and suzan lori parks who penned the scripts for all eight episodes. nowhere are their sharp eyes more evident than in the show s handling of the fact that franklin became a mother at the age of 12. rather than making it a source of shame other than showing glimpses of how outsiders instantly judged her franklin s early entr e to parenthood is dealt with as part of her journey. one of the laws of writing is write what you know. one of the advantages of having been a 12 year old girl myself is that i know what that was like parks says. the reconsideration of how prominent women have been treated by history hit a fever pitch earlier this year when the samantha stark directed framing britney spears documentary an episode of fx s the new york times presents series sparked some soul searching for the media establishment. the level of misogyny displayed in mainstream media coverage of spears public trauma a decade ago was shocking when viewed through a post metoo lens. similarly netflix s the crown has excelled in delivering three dimensional portraits of iconic women. in season 4 gillian anderson made margaret thatcher come alive beyond her iron lady image and helmet of teased hair while emma corrin s knockout performance reinforced how young and vulnerable princess diana was when she walked down the aisle with prince charles in 1981 and how clueless she was about her husband s true love. we re very aware that after getting more and more closer to the present day there is obviously a very emotional sense of responsibility and the need to conduct ourselves as well as we possibly can whilst allowing people the freedom to find the drama and to find the stories that connect and that feel truthful says the crown executive producer suzanne mackie. i think people will bring to it their own memories their own sense of gosh i remember what it felt like when the drama has to reflect that emotional connection. emily carman associate professor of film studies at chapman university stresses the importance of that personal perspective. there are more female directors and writers working in hollywood and that means you re getting that point of view in a more multi faceted way than ever before she says. it s finally coming through in the way these stories are told and which stories are greenlit. it s making us think about how we can revisit how we tell the true stories of women s involvement in history. the women behind genius aretha lifetime s robin roberts presents mahalia and apple tv plus dickinson undoubtedly helped shape those eponymous leads stories so that they showcased more than just home family and romantic relationships. specifically all three of these bio projects focus heavily on women striving for professional success and achievement. alena smith creator and showrunner of dickinson says part of her goal with her comedy is to counter the conventional wisdom that the titular character was morose and isolated for most of her life. smith says there has been a steady stream of scholarly research based on dickinson s letters and poems to demonstrate that young emily played by hailee steinfeld had more control of her 19th century life than history has presented. our version of emily is never a victim of circumstance even though her circumstances were difficult especially because of her gender she says. she s a very paradoxical very mysterious figure which invites reinterpretation. linda berman an executive producer of mahalia says that film s storytelling focus was firmly on the titular mahalia jackson s determination to use her voice as a spiritual vessel. for genius aretha franklin s story was rooted in her outsized talent as a musician from the start. although she did not formally read music franklin s raw talent and instincts helped define the sound of her generation. lady singers were for so long looked at as oh she has great pipes but not as musicians parks says. it was very important to me to show her as a brilliant pianist. she was the one in the studio crafting her sound. the question whose stories are told and why is particularly fraught when it comes to the stories of women from underrepresented backgrounds. historically black women and other women of color haven t had a lot of biopics. the question is why do we prioritize some stories over others says roxane gay author and cultural commentator. when women s stories are told from a male point of view they tend to tell such weird slices of the story. parks credits erivo and a strong supporting cast for bringing depth and nuance to the relationships that were most important in franklin s life. during the filming of episode 2 parks recalls erivo and patrice covington who plays franklin s sister erma questioning the nature of the conversation in the script between the two of them about the men in their lives. the actors suggested that the sisters would be more likely to drink wine and trade a few barbs. parks recalls ducking behind a curtain on the set to do a lightning fast rewrite. that moment of female collaboration stands out to parks because it embodied the spirit of striving to find the authentic core of both women. we ve been trained to see women in a certain way just like we ve been trained to see black people in a certain way parks says. as artists we have to endeavor to look at each other and find who we really are. manori ravindran contributed to this report. """
economy,"n amps narrowband advanced mobile phone system . navstar navigational satellite timing and ranging system . nema national electrical manufacturers association . nems nanoelectromechanical systems . nhpis near horizon partial isotropic sensitivity . nhprp near horizon partial radiated power . nic network interface card wlan . nist national institute of standards and technology . nmc network management center . nmr nuclear magnetic resonance . nmse normalized mean square error . nmt nordic mobile telephone system . nods near obstacle detection system . nqr nuclear quadruple resonance . nsa normalized site attenuation . nssn national standards system network . ntsc national television systems committee . """
education,"as one of new jersey s most turbulent school year comes to an end districts have stopped switching their learning styles leaving students to finish out the year as they had been learning for most of june. as of june 15 state figures show 359 school districts were in hybrid instruction five were remote and 405 were fully in person. forty two districts have different educational formats for individual schools. the passaic city school district is the last public remote district after the paterson school district welcomed a limited number of children back this week switching paterson s designation to combination. passaic city is expecting to hold in person summer school at the conclusion of the regular school year. during the peak of new jersey s second coronavirus wave in january 339 districts were totally virtual. this is the first week more than 400 districts including charter and approved special services schools have been open for in person learning. this could be the only year when how students learn changes. the option to learn virtually will be rescinded in the fall and reserved only for students and teachers with medical concerns gov. whether masks are required is now regulated by local districts murphy said previously. although the number of virtual districts plummeted in the final weeks of the school year one public school two charter schools and two special service schools remain totally remote. and just because schools are open doesn t mean all students went back to classrooms this year. the number of students being offered each educational type does not take into account students who are voluntarily learning virtually an option all schools must provide. when newark the state s largest school district reopened for hybrid learning about 39 of its 36460 students returned to classrooms. state officials have said that as of october 2020 the most recently available data about a quarter of students in a district with open schools were voluntarily learning virtually. data for the end of the year is not yet available. there have been 281 outbreaks and 1263 cases of the coronavirus linked to schools in new jersey. for cases to qualify as an outbreak they must be confirmed to have been transmitted in the classroom or during academic activities. all 21 counties have seen an in school outbreak. all new jersey residents 12 and older are currently eligible for the vaccine and pfizer will likely seek authorization for younger children this fall. over 321000 children between 12 17 have received at least one dose of a vaccine. the five districts that have been remote the entire year are . englewood on the palisades charter school charter . gray charter school charter . st. joseph s school for the blind special services school district . passaic city school district public district . matheny school and hospital special services school district . please consider supporting with a subscription. katie kausch may be reached at tell us your coronavirus story or send a tip here. """
labour,"raymond j. donovan who resigned as labor secretary in the reagan administration while facing criminal charges of having earlier schemed to defraud new york city of millions of dollars when he was a new jersey construction company executive charges of which he was acquitted by a jury died on wednesday at his home in new vernon the fraud charges were in an indictment that the bronx district attorney obtained in 1984 in one of two criminal investigations that buffeted mr. donovan s tenure as labor secretary from february 1981 to march 1985. the other investigation was by a federal special prosecutor who pursued allegations that mr. donovan also before he joined the government had had connections with organized crime figures and had witnessed an illegal payoff to a union leader. that investigation ended without charges being brought. mr. donovan denied wrongdoing during both investigations calling himself a victim of baseless allegations and vicious attacks. he traced the accusations in the indictment to people he called lying informers and said the bronx district attorney a democrat had been politically motivated to seek a high profile republican scalp. nevertheless he resigned from the government five months after he was indicted when a judge refused to dismiss the charges. after he was acquitted in a widely quoted remark he said which office do i go to to get my reputation back . mr. donovan s legal battles were just one line of contention that dominated his time as labor secretary. another was his antagonistic relations with top leaders of organized labor. mr. donovan right spoke with senator bob dole of kansas in 1983. as labor secretary mr. donovan sought to relax labor regulations imposed on corporations. the union leaders saw them as the business favoring moves of a hard right republican administration seeking to reverse labor s hard won gains. the previous democratic administration of jimmy carter had enacted or proposed regulations strengthening a number of employment standards including those on occupational safety and health. mr. donovan withdrew or suspended them. at the same time he sought to reverse decades old laws prohibiting workers in several industries like the knitted outerwear business from working at home and to expand the types of jobs and hours that 14 and 15 year olds could legally work. labor leaders said such steps would foster violations of minimum wage child labor and other laws. mr. donovan countered we are not cutting out any health and safety requirements meaningful to the protections of workers. rather he said the labor department was changing the approach to labor practice scrapping what he called a regulatory police state mentality that had prevented some america industries from being competitive with their foreign counterparts. mr. donovan however did not play a central decision making role in the reagan administration s biggest labor confrontation over an illegal strike in 1981 by most of the nation s air traffic controllers for which the president fired them. the transportation department not the labor department took the lead on the government side because the controllers worked for the federal aviation administration part of the transportation agency. mr. donovan who had grown wealthy in the construction industry before joining the administration held that his early life struggles and his working career had given him insight he said into what workers needs are and what motivates them. raymond james donovan was born on aug. 31 1930 in the st. andrew s section of bayonne the seventh of 12 children of david and eleanor donovan. both parents died by the time he was 18 leaving the older children to raise the younger ones. ray attended st. andrew s school and st. peter s prep in jersey city then went on to study at holy trinity seminary in alabama and the notre dame seminary in new orleans graduating in 1952. but instead of going into the roman catholic priesthood as he had considered he returned to bayonne. it was my turn to take care of the younger ones he said in a 1980 interview with the new york times. mr. donovan was a member of the electrical workers union and also worked in the insurance business until 1959 when he joined the schiavone construction company then a small three year old new jersey concern. becoming executive vice president in 1971 a position in which he oversaw labor relations and negotiated with the unions he helped expand schiavone into a major heavy construction company. he and the founder ronald a. schiavone owned 90 percent of its stock. mr. donovan married catherine sblendorio in 1957. she survives him along with their daughter mary ellen stewart two sons ken and keith nine grandchildren a great grandson and two of his siblings. a democrat early on mr. donovan said he became a republican when he found himself more in tune with its principles. reagan nominated him for labor secretary after mr. donovan had been a major fund raiser and a new jersey campaign leader for him in the 1980 presidential election. his confirmation hearing in the senate was rocky. it unearthed allegations by underworld informers that mr. donovan and his company had been involved in payoffs to union extortionists to obtain labor peace and that they had engaged in both business and social activities with organized crime figures. the said it could not corroborate the allegations and the senate approved the nomination in february 1981. but the following december a special prosecutor was appointed to take a new look at mr. donovan s construction company activities after an allegation surfaced that had not been passed on to the senate at the time of the hearing. the accusation was by an informer who said that he was with mr. donovan and other schiavone company officials at a queens restaurant in 1977 when one of the officials handed an envelope containing 2000 to the president of a local construction union. mr. donovan responded that not only had he not witnessed any payoff but that he had also never in his life been in that restaurant. after a six month investigation which also re examined the former allegations of donovan ties to crime figures the special prosecutor leon silverman said he had found no corroborating evidence of the payoff or of the lunch. overall he said there was insufficient credible evidence to warrant prosecution of secretary donovan on any charge. two months later after reopening the investigation to look at still other allegations of past connections with crime figures mr. silverman issued the same finding. mr. donovan said that he felt vindicated but that he would have been far happier if mr. silverman had couched his findings in words more positive for mr. donovan than insufficient credible evidence. the phrase boils my blood he said. the bronx indictment was announced in october 1984 the first ever of an incumbent presidential cabinet member a library of congress researcher said at the time. it accused mr. donovan and nine other men officials of his company and of a subcontracting company of scheming in the 1970s to steal million from the new york city transit authority through fraudulent transactions in a project in which schiavone was constructing a subway tunnel. denying political motivations the bronx district attorney mario merola said his office had come upon the purported scheme while conducting another investigation. in may 1987 mr. donovan and seven other men were acquitted of all charges by a jury that had deliberated barely 10 hours after an eight month trial. several jurors said they had found the evidence sorely lacking and said the indictment should not have been brought. mr. donovan later served as president of schiavone until the company was sold in 2007. """
environmental,"the pace of sea level rise in boston is picking up. scientists say we can expect nine more inches over 2016 levels by 2030 and a whopping 40 inches by 2070. sea level rise due to climate change is inevitable. how well we protect ourselves especially in coastal cities like boston depends a lot on how and when we respond. boston under water a new series from wbur s environmental reporting team will look at how our city is thinking through some of the challenges that lie ahead. from constructing berms and wetlands to measuring stormwater flooding to thinking up new modes of transportation boston under water will probe into the needs possible solutions and questions around equity and effectiveness. boston under water with a special segment during wbur s radio boston from 3 4 stories photos maps and more will follow online and on air throughout the rest of the week. support for boston underwater provided by the trustees one waterfront initiative and new england aquarium working to build a downtown waterfront for all. """
education,"ryan stewart secretary nm public education department . this remarkable school year is over but it will not be forgotten. the pandemic year began with our students and teachers fully remote from one another. it segued into a hybrid schedule of remote and in person and it ended with full in person learning available in all districts for families that were ready to send their children back. this steady progress did not happen by accident but as a result of hard evidence based work. steering this ship through the pandemic storm proved to be the most complex and demanding experience the new mexico public education department and school staff have ever faced. our ped team quickly trained thousands of educators in remote learning distributed millions of units of ppe and developed new school safety policies and protocols. administrators learned about air filtration surveillance testing and contact tracing. teachers learned to juggle students online in pajamas with those in the classroom wearing masks. families learned to shift quickly from one schedule to another and to check that children had masks when they went out the door. bus drivers learned to enforce alternate seating while navigating the streets. janitors learned new deep cleaning protocols. and all the while cafeteria workers churned out millions of meals to feed children in school buildings and those still learning at home. none of this was easy but under the leadership of our governor and with support from the department of health and other state agencies we guided our students safely through the worst global crisis in a century. now as we celebrate our 2021 graduates and enjoy much overdue summer rest here are key takeaways from a year we will never forget . as spring wore on teachers and staff were vaccinated and students adapted to safety protocols. most schools stayed open. following the implementation of the covid 19 watchlist in november only four of new mexico s 840 individual school sites had to close due to covid 19 and only 40 closed voluntarily. we kept our educators safe. school staff were prioritized for the vaccine in march. to date 59687 new mexicans who registered as educators have been fully vaccinated a number that includes early childhood and post secondary educators. additionally surveillance testing in schools produced a teacher positivity rate that averaged since february. we kept our children safe. no serious student cases were reported after full reentry on april 5. that is also the date when children ages 16 and older became eligible for the vaccine. by mid may almost 24000 16 to 18 year olds had received at least one vaccine including more than 5500 who participated in student vaccination week which was may 3 8. on may 13 children 12 and older became eligible and by mid june more nearly 27000 in the 12 15 age group had received at least one shot. we kept our communities safe. the evidence is clear schools did not drive community spread. our safety protocols contact tracing and quarantine practices helped keep the school transmission rate at less than throughout april and into may my deputies and i visited more than 30 schools to offer our help with any school reentry issues. we met with principals and classroom teachers. we sat with students in classrooms and cafeterias and watched them at recess. it was a highlight of my year to witness and share in the joy of educators and students reunited again after this turbulent year. we look forward to a 2021 22 school year that will feel both substantially more normal and that will also build on the successful innovations we adopted to adjust to the pandemic. we will welcome over 100000 students back to in person learning and will have robust online learning options that did not exist previously. we will continue to remember and mourn those we lost and we will support our students and staff who need a safe and caring school community now more than ever. covid 19 remains with us and we must remain vigilant. but no matter what happens new mexico s public schools have proved they have the experience and agility to meet students needs for both safety and academic progress. """
sport,"football league world dale 2 . crewe alexandra boss david artell has told the club s official website that the sky bet league one side haven t received any bids for any of their players so far with speculation surrounding the future of owen dale at gresty road. the 22 year old winger is said to have been attracting widespread interest in his services in recent months with football insider reporting that the championship duo of blackburn rovers and preston north end have joined the likes of sunderland and ipswich town in the race for the player. dale was a star performer for alexandra last term as he racked up an impressive 12 goals and two assists across 48 games which came in a wide variety of competitions. the third division side have already bid farewell to the likes of harry picking and perry ng in more recent times with the promising defenders both securing moves to the championship as they joined blackburn rovers and cardiff city respectively. we have received no offers for any of our players. i have been told that there might be and am aware of speculation but the club hasn t received anything. it is like anything. if they submit a bid and it reaches the valuation of the player then we will take it from there. until that happens it is pure speculation. i have heard that owen dale has been linked to a few clubs. he is a good player and we will see what happens. he has had a good season and has come about because of our investment in his development. he is a great kid and has a great attitude. is he ready to step up a level crewe alexandra boss david artell has told the club s official website that the sky bet league one side haven t received any bids for any of their players so far with speculation surrounding the future of owen dale at gresty road. the 22 year old winger is said to have been attracting widespread interest in his services in recent months with football insider reporting that the championship duo of blackburn rovers and preston north end have joined the likes of sunderland and ipswich town in the race for the player. dale was a star performer for alexandra last term as he racked up an impressive 12 goals and two assists across 48 games which came in a wide variety of competitions. the third division side have already bid farewell to the likes of harry picking and perry ng in more recent times with the promising defenders both securing moves to the championship as they joined blackburn rovers and cardiff city respectively. however artell has been quick to provide clarity on the situation surrounding dale as he stated the following . we have received no offers for any of our players. i have been told that there might be and am aware of speculation but the club hasn t received anything. it is like anything. if they submit a bid and it reaches the valuation of the player then we will take it from there. until that happens it is pure speculation. i have heard that owen dale has been linked to a few clubs. he is a good player and we will see what happens. he has had a good season and has come about because of our investment in his development. he is a great kid and has a great attitude. i am not sure yet and i honestly think that he has to look at moving up a league because i think that any move to a league one club would be a sideways move. in my opinion he still has a way to go and he is contracted here and i am not losing any sleep over where owen dale will be next season. the verdict . crewe have shown on countless occasions in the past that they do not let their players leave without a fight and i believe it would take good money for them to let dale leave this summer. at 22 he has already shown that he is one of the finest young players in the lower levels of the efl and it is only a matter of time before he departs gresty road. whether dale goes on to move to a championship side remains to be seen but it must be said that i do agree that a move to another side in league one wouldn t make any sense in terms of the player wanting to progress. source . """
weather,"madrid ap environmental activists in spain lodged a legal claim against the government thursday for what they deem as insufficient ambition in reducing carbon emissions and other contributors to climate change. the action in spain s supreme court is a preliminary step to filing a lawsuit which three non profits and two civil society groups hope to do to pressure spanish officials and to draw renewed attention to the environmental emergency facing the planet. lorena ruiz huerta an attorney with greenpeace said that spain s national plan to cut its greenhouse gas emissions 23 from their 1990 level by the end of this decade falls short of the european union s target of a 55 reduction the decrease that scientists say is necessary to keep global temperatures from rising by degrees celsius by 2030. alfonso gonz lez one of five fridays for future activists who put their signatures on the claim said the youth environmental movement will use the legal case as a way to become more publicly active following months of coronavirus related restrictions. for us this is also a way to return to the streets gonz lez said. "" "
disaster,"the oregon beach monitoring program obmp is proposing a list of beaches to be monitored for bacteria during the 2021 season. the proposed list the obmp based at the oregon health authority public health division is publishing includes some of the most frequently visited beaches in oregon. it also includes beaches where the program has found bacteria present or beaches for which local partners and the public have requested monitoring due to potential pollution concerns. the beaches that will be monitored during 2021 include . seaside beach seaside oregon clatsop county . cannon beach cannon beach oregon clatsop county . tolovana sp beach cannon beach oregon clatsop county . short sand sp beach arch cape oregon tillamook county . rockaway beach rockaway oregon tillamook county . twins rocks beach twin rocks oregon tillamook county . neskowin sp beach neskowin oregon tillamook county . d river sp beach lincoln city oregon lincoln county . beverly beach newport oregon lincoln county . agate sp beach newport oregon lincoln county . nye beach newport oregon lincoln county . seal rock sp beach seal rock oregon lincoln county . heceta beach florence oregon lane county . bastendorff beach coos bay oregon coos county . sunset bay sp beach coos bay oregon coos county . hubbard creek beach port orford oregon curry county . harris beach sp brookings oregon curry county . mill beach brookings oregon curry county . oceanside oceanside oregon tillamook county . cape kiwanda pacific city tillamook county . the beach monitoring season is from mid may to mid september. beach advisories are only issued for beaches that are actively being monitored within this sampling window. other beaches will be investigated for inclusion in the upcoming and or next beach monitoring season. obmp works with the oregon department of environmental quality deq to determine beaches that need monitoring based on several established criteria. these criteria include pollution hazards present previous beach monitoring data that identify water quality concerns type and amount of beach use and public input. as part of an adaptive sampling plan beaches and sampling locations are routinely re evaluated to ensure available resources best protect public health. a copy of deq s beach evaluation is available upon request. """
weather,"today sustainability and related themes including net zero are omnipresent in the media and beyond. even so from an investment perspective there remains much confusion and many open questions. to help address some of these vital issues discussed at the eu green week 2021 lombard odier recently held a webinar titled the race to net zero . here we present the core convictions and key insights shared during the event by hubert keller managing partner chris kaminker head of sustainable investment research strategy stewardship and thomas h hne sparborth senior sustainability analyst. our focus on sustainability is anchored in a profound investment conviction that we are at the beginning of the next great economic revolution . our focus on sustainability is anchored in a profound investment conviction that we are at the beginning of the next great economic revolution. and we see it as our fiduciary duty to help our clients navigate this profound transformation. the economic framework in which we have operated for decades is becoming obsolete. it is what we call wild wasteful idle lopsided and dirty. and as such it is putting far too much stress on the environment. every year we extract around 92 billion tonnes of natural resources and use them to feed our ever growing consumption model generating a significant amount of harmful waste including greenhouse gas emissions at the other end. to measure the damage our wild economic model is doing to the environment we use the planetary boundaries framework which defines the extent to which we can use various natural resources without causing unacceptable environmental change. crucially we ve already crossed some very dangerous thresholds. for instance when soils are sufficiently degraded there s a risk of them turning into unproductive deserts. and due to issues like agrochemical pollution soils in many regions are getting close to the point of no return. then of course there s perhaps the most famous planetary boundary of all the quantity of greenhouse gases we can put into the atmosphere before we see dangerous levels of climate change. of course there are many obvious physical risks that come with crossing these planetary boundaries. however as investors we are particularly concerned with the economic dangers. over 50 of global gdp relies directly or indirectly on nature which makes our environment the most productive component of our economy. over 50 of global gdp relies directly or indirectly on nature which makes our environment the most productive component of our economy . the good news is that these issues including climate change are still addressable and efforts to find solutions are increasing. indeed we see evidence all around us both that the world has realised that we must transition to a new sustainable economic model and that the forces we need to drive this revolution are growing in strength. we often talk about policymaking and regulation as one of those key forces. but we should not underestimate the power of other forces that in some respects are even more potent. the market is one such a force one that across virtually all sectors is combining pioneering technologies and economies of scale to rapidly introduce new solutions into our economy that are n t just more sustainable but also better cheaper and more efficient. and this market force is central to our concerns as investors. in our view these forces are now unstoppable and the transition toward a more sustainable economic model is already underway. we call this model the clic economy one that is circular lean inclusive and clean. from an environmental perspective we believe there will be three components to this transition the net zero economy the nature positive economy and the circular economy. but despite the inevitability of the sustainability revolution and the potency of the forces driving it forward not every company is moving in the right direction nor supporting it to the same extent. and distinguishing between companies along sustainability dimensions is what environmental social and governance esg investing is all about. the first of these is the how which is all about a company s current business practices and is where the majority of our industry is currently focused. this kind of esg data can tell us whether a company is at least tuned in to sustainability and is trying to adjust its business practices. that said they are n t enough to tell us whether a company is truly prepared for this monumental transition and in turn whether investing in that company would deliver significant alpha or return opportunities and mitigate risks. as such we tend to focus more on the other two dimensions of esg. the second dimension the what concerns transition trajectories taking into account the fundamental nature of companies business models and the products and services that they offer. here we want to understand the specific challenges faced by a company or industry and the speed and shape of the transition. the third esg dimension is the where which is about the physical risks a company or industry is likely to face as a result of climate change. investing in progress . achieving net zero emissions by 2050 is perhaps the most important component of the sustainability transition across all companies and industries. and while almost three decades seems like a long time to reach that target the consensus of the scientific community is that we must first cut our emissions in half by 2030. that s less than nine years away in a context where we have yet to figure out how to accelerate the green revolution maintaining economic advancement while at the same time reducing our emissions and impact on the environment. as investors then we must use our capital responsibly by making the net zero trajectory a condition of investment . as investors then we must use our capital responsibly by making the net zero trajectory a condition of investment. to accomplish this we use the oxford martin principles a rigorous scientific net zero framework that helps us decide how we engage with companies across all industries and regions. the first principle looks at whether a company has set a net zero goal something that any business can achieve in the time it takes to update their website. the other two principles though are much harder to satisfy. the second principle requires companies to be able to explain how their business will remain profitable at net zero and how they plan to get there while the third principle demands a quantitative mid term target ideally a 50 reduction in emissions by 2030. all of this tells us the extent to which a company is future proof in the face of the sustainability revolution. from an investment perspective then a company that satisfies the oxford martin principles immediately becomes a significantly more attractive prospect than one that does n t. to optimise the sustainability of our portfolios we feed all of this information into our decarbonisation process. first we assess the climate value impact the risks and opportunities we own as an investor as a result of a portfolio s carbon exposure. then we adjust the portfolio to ensure it s decarbonising in line with both a net zero trajectory and the paris agreement s objectives to limit global warming. in practice this means we tend to invest more in companies that are positioned to make greater contributions to limiting the increase in average global temperatures and less in companies that are n t on the right trajectory. when it comes to net zero and sustainability more generally there are no inherently good or bad sectors. for us what matters is whether or not a company is moving in the right direction . crucially this does n t necessarily mean that we avoid high emitting sectors not least because companies in these sectors that are on the right trajectory have the potential to make particularly significant contributions to limiting global warming. in other words when it comes to net zero and sustainability more generally there are no inherently good or bad sectors. for us what matters is whether or not a company is moving in the right direction because this will be one of the most critical drivers of returns in the coming decades. and it is our fiduciary duty to understand the risks involved in continuing to produce carbon emissions and the transition to net zero and to capture the opportunities that come with embracing that transition. this document is issued by bank lombard odier co ltd or an entity of the group hereinafter lombard odier . it is not intended for distribution publication or use in any jurisdiction where such distribution publication or use would be unlawful nor is it aimed at any person or entity to whom it would be unlawful to address such a document. this document was not prepared by the financial research department of lombard odier. "" "
politics,"building work has started on the uk s first dedicated orthopaedic centre for armed forces veterans in shropshire. the facility at the robert jones and agnes hunt orthopaedic hospital nhs foundation trust rjah in gobowen will be built by pave aways building contractors. the 6m two storey building designed by pinnegar hayward design will feature nine examination rooms. in the main entrance foyer of the centre there will be a caf as well as a veterans hub where shropshire council and military charities will provide support to veterans in relation to issues that range from homelessness finance and debt management welfare benefits health and ptsd. the upstairs of the centre will feature dedicated research offices clinical teaching and training space for staff a multi disciplinary team room and an office for admin support. the hospital had initially launched a appeal in october 2018 to build a more modest outpatient facility for veterans but has been able to construct a bigger facility thanks to the support of the headley court charity. pave aways managing director steven owen said we are honoured to have been chosen to deliver this important facility for the trust and headley court. this contract renews our long standing relationship with the hospital where we have delivered a number of builds from operating theatres to its flagship main entrance. we have extensive experience in the healthcare sector and look forward to handing over this state of the art dedicated centre for military veterans in due course. lieutenant colonel carl meyer a serving army officer who is also a consultant orthopaedic surgeon at rjah said the breaking of the ground to mark the start of the build of the headley court veterans orthopaedic centre is a day i have long dreamt about as this marks the beginning of a new era of bespoke care for our veteran patients and serving personnel. for several years now we have talked about veterans being seen in an environment that brings comfort to them and by clinical teams that understand military personnel and their unique needs and that is going to be the reality which is just fantastic. these are individuals who have served their country and now need looking after in their time of need. there are very few professions where going to work puts you at risk of dying or being severely injured and i think that level of commitment and service should absolutely be recognised and i feel proud that rjah recognises this. thanks must go to the trustees of the headley court charity for their amazingly generous grant for believing in what we re doing here and ultimately supporting our long term vision for world class veterans healthcare. """
other,"harvard s employees are an essential part of the university yet the dynamics and structure of employment at harvard are not well understood. during the 2019 2020 academic year roughly 13000 staff supported more than 23000 students studying at harvard. staff who work on harvard s campuses are not solely employed by harvard. many of the university s schools hire employees from outside contractors. of the ten unions representing harvard s workers two unions one representing custodians and security guards and another representing dining services workers include both directly employed and contracted employees. the crimson set out to make a series of maps that show the span of staff across the university s campuses and answer three questions . what employment protections do they have during the pandemic . data was collected from unions and the university s office of labor and employee relations. these maps are not a complete catalog of all workers at the university for example they exclude non unionized employees such as faculty and counts may vary slightly over time. when specific locations were unable to be determined staff are mapped at the central office of their administrative unit. within labels on the maps direct indicates the number of workers directly employed by harvard at a certain location within that union contractor names are included when available. the faculty of arts and sciences includes both the graduate school of arts and sciences and the school of engineering and applied sciences. huctw clerical and technical workers . the harvard union of clerical and technical workers a branch of the national american federation of state county and municipal employees union covers a plethora of positions in libraries museums offices and labs. with more than 5000 members it is the largest union at harvard. all members are directly hired by the university and are receiving 70 percent pay if involuntarily idled by the pandemic per the excused emergency absence policy. hgsu uaw graduate students . harvard graduate students union united automobile workers which represents over 4500 students ratified its first contract on july 1 2020. their contract defines student workers as all students employed by the university who provide instructional services and graduate students who are employed as research assistants. the united automobile workers is the parent union of hgsu uaw and represents more than 70000 academic workers at universities in the in addition to more than 330000 workers in other industries in the puerto rico and canada. 32bj seiu custodians security guards arboretum workers . a local branch of the service employees international union a national union representing roughly million workers 32bj represents custodians and contracted security guards at harvard. 32bj seiu represents 700 custodial staff directly hired by harvard s facilities maintenance operations or contracted through six outside custodial companies as well as 300 security guards contracted under securitas north america a division of a multinational swedish company with 370000 employees worldwide. the union also represents roughly 20 employees at harvard s arboretum. 32bj recently ratified two year long extensions of its contracts one for directly hired custodians and one for guards contracted under securitas. unite here local 26 dining services . the union covers workers directly employed by harvard university dining services and those contracted under restaurant associates a national dining services firm. unite here represents roughly 300000 workers in the and canada mostly in hospitality services. atc carpenters electricians engineers gasfitters and plumbers . the area trades council encompasses four unions representing approximately 270 operating electricians plumbers and gasfitters carpenters and operating engineers respectively the international brotherhood of electrical workers local 103 plumbers and gasfitters local union no. 12 new england regional council of carpenters local 51 and local union 877 international union of operating engineers. all members are directly hired by the university and receive 70 percent pay if involuntarily idled by the pandemic per the emergency excused absence policy. huspmgu parking monitors and museum attendants . the harvard university security parking and museum guards union represents parking and museum guards. with approximately 70 members huspmgu is the university s smallest union. in recent years it has pushed for a merger with huctw. all members are directly hired by the university and receive 70 percent pay if involuntarily idled by the pandemic per the emergency excused absence policy. huspmgu recently ratified a year long extension of its contract. the harvard university police association represents 50 patrol officers on the university s police force. hupa s last contract expired in november """
arts,"cleveland heights oh . shaker heights oh . middleburg heights berea oh . brecksville oh . mayfield hillcrest oh . strongsville oh . community corner . the popular event will bring more than 1000 lights acrobatic performances and delicious food to the cleveland metroparks zoo. cleveland the popular asian lantern festival will return to the cleveland metroparks zoo on july 14. the festival will run thursday through sunday evenings from 6 30 to 10 30 the final day of the festival is sept. 5. there will also be limited wednesday evening drive thru opportunities. more than 1000 lanterns live acrobatic performances and culturally inspired cuisine will highlight the festival this year. there will be 70 large scale displays this year creating an entirely different experience from last year for attendees. cleveland . asian lantern festival has become a summer staple in cleveland drawing over 150000 guests each year to experience the wonder of cleveland metroparks zoo after dark said cleveland metroparks chief marketing officer kelly manderfield. we re thankful for the tremendous support of meijer to help bring an all new festival with new lanterns performances and experiences in the event s fourth year. the festival will include acrobats every hour on the fifth third bank stage including foot jugglers contortionists martial arts practitioners and more. there will also be an asian craft market featuring inspired cuisine from local favorites like li wah king wah and others. meijer is excited to support this community focused event that continues to impress and awe local families each summer said cathy cooper senior director of community partnerships and giving at meijer. we look forward to seeing the asian lantern festival experience elevated to all new heights at this year s event. the discounted cost for zoo members is 18 or a four pack for 54. advance non member tickets are 20 or a four pack for 60. same day tickets can be purchased at the box office for 22 or a four pack for 66. drive through tickets are 54 per vehicle for members and 60 per vehicle for non members. children under 2 are admitted free. advance tickets are on sale now at asian lantern festival returns to cleveland in july the rules of replying . this is a space for friendly local discussions. no racist discriminatory vulgar or threatening language will be tolerated. use your real name and back up your claims. keep it local and relevant. make sure your replies stay on topic. review the patch community guidelines. """
science,"if you re looking for flavor you ve come to the right place. this recipe layers ingredients with tons of taste and texture into a satisfying main dish salad that your friends and family will rave about. join feast for live fire cooking flank steak salad with chimichurri . it all starts with an inexpensive cut of beef and a strongly flavored marinade. flank steak doesn t often get its due. a somewhat tough cut flank needs to be cooked and cut a certain way which i ll get to in a second in order to bring out its juicy beefy character. here i marinate the flank steak in vinegar and dijon mustard to tenderize and also add a bit of additional sharpness to the final dish. marinate the flank steak in vinegar and dijon mustard for around 15 to 20 minutes to tenderize the steak and add a bit of additional sharpness to the final dish. while the steak rests in the marinade make your chimichurri by chopping and tossing together all of the ingredients. don t bother with a food processor chop it all with a good chef s knife and stir in a bowl to marry the ingredients. the keys here are the oregano and the parsley i added the cilantro because i enjoy the flavor. if you want to leave it out that s fine. i also sub in fresh lime juice for the traditional vinegar preferring the floral aroma and gentle acidity of lime in this application. photos by captiva marketing . while the steak rests in the marinade make your chimichurri by chopping and tossing together all of the ingredients. don t bother with a food processor chop it all with a good chef s knife and stir in a bowl to marry the ingredients. the keys here are the oregano and the parsley i added the cilantro because i enjoy the flavor. if you want to leave it out that s fine. i also sub in fresh lime juice for the traditional vinegar preferring the floral aroma and gentle acidity of lime in this application. chop together the ingredients with a good chef s knife versus using a food processor for a perfectly texturized chimichurri. the cooking method here starts gentle and finishes hot. you want to cook the flank steak through to just about medium but you also want a good crust to form. in order to do that if you re on a gas grill start the steak at medium heat and allow it to cook until just about finished and then turn up the heat allowing the steak to sear on both sides. if you re on a charcoal grill create two zones and start the steak on the cooler zone moving it directly over the coals to finish. cook the flank steak through on medium then turn up the heat to sear the steak on both sides creating a good crust. be sure to allow your steak to rest for 10 minutes before slicing it isn t easy to wait but you ll be rewarded with juicy results. the final tip to making the most of flank steak is to cut it very thinly at a 45 degree angle on the bias which means that you need to cut against the grain of the meat. this will give you beautiful ribbons of tender flank steak. pile those slices atop creamy fresh mozzarella and sweet cherry tomatoes and then drizzle with your herbaceous chimichurri. it s summer on a platter. flank steak salad with chimichurri . cup neutral oil such as grapeseed . cup red wine vinegar . 1 tbsp dijon mustard . tsp freshly ground black pepper . 1 flank steak about 1 lbs . 3 garlic cloves minced . 1 medium shallot minced . 1 serrano chile seeded and minced . cup finely chopped fresh parsley leaves . 3 tbsp finely chopped fresh oregano leaves . 2 tbsp finely chopped fresh cilantro leaves and stems . 2 tbsp freshly squeezed lime juice . tsp crushed red pepper flakes . cup extra virgin olive oil . 1 package 1 pint cherry tomatoes . 1 ball 8 ounces fresh mozzarella cheese . freshly ground black pepper . pro tip allow the meat to sit for at least 10 minutes prior to slicing. preparation prepare flank steak in medium bowl stir together oil vinegar mustard salt and pepper pour marinade into zip tight plastic bag. set aside bowl to use later. add steak to bag seal tightly removing any excess air. turn bag to coat steak in marinade. let stand at room temperature 15 to 20 minutes. meanwhile prepare outdoor grill for direct grilling with half of grill set up over high heat and the other half prepared for medium heat. prepare chimichurri in same medium bowl stir together all chimichurri ingredients except for oil. drizzle in olive oil stirring until all ingredients are thoroughly mixed. add additional salt to taste if desired set aside. remove flank steak from marinade allowing excess to drip off. grill over medium heat about 10 minutes turning once halfway through cooking. transfer steak to high heat cook to sear and caramelize both sides turning a few times to make sure steak does not burn. transfer steak to cutting board let stand 10 minutes to rest. assemble salad while steak rests cut each tomato in half tear mozzarella into bite sized pieces. thinly slice flank steak crosswise and on the bias. on large serving platter add tomatoes mozzarella and steak slices and drizzle with chimichurri sauce. sprinkle with freshly ground black pepper to serve. """
education,"the agriculture pathway program at linden mckinley stem academy helps young people grow academically by making sure they re ready for life after high school. columbus ohio this story is part of a 10tv series about the places we call home. in focus features stories told from the perspective of people who live there. stories that go beyond the flashing lights often seen when we talk about certain central ohio neighborhoods. students in the linden community are taking hands on learning to another level. through linden mckinley stem academy s agriculture pathway program students spend class time working in a community garden on the corner of e. 25th avenue and medina avenue. the goal is to help young people grow academically through experiential learning making sure they re ready for life after high school. instructor eric valentine started the program about three years ago. he said they started with few resources but now they re expanding. recently the city of columbus department of neighborhoods invested 50000 in the program. the funding will help provide new water taps irrigation electricity and fencing for the gardens. we had to think outside the box and big picture and think about ways we can bring that curriculum to life to the students valentine said. coming out of the program they are able to drive forklifts manlifts scissor lifts and pesticide certification. new for next school year . is the drone certification so our students will have that as well. they re things that our students can take out of our school and our program and go right to an employer and get a job with or they can go right into the college pathway and be ready there as well. however if you ask students they ll tell you they re growing more than academically they re also growing closer to the community. i genuinely enjoy doing it because i m really into earth things. our planet is really bad pollution wise and i just hope i am making a difference by giving back to the community said kenneth pullien a junior at linden mckinley stem academy. i ll be going here next year so i ll be invested in this next year as well. i m just really glad to be a part of something. pullien said one of the most important things the program has taught him is the power of patience. it s all about patience not trying to rush it and hurry up and be done you know when i first started i was n t that great either. i m still learning as we speak but i m starting to find more joy doing things like this. it just gives me time to think about things pullien said. christine weatherholtz is the columbus city schools farm to school curriculum coordinator. weatherholtz said there are now 64 ccs schools participating in the community garden initiative. columbus city schools food service our director did some research about farm to school nationally and really felt that our children should have the opportunity to participate in that learning as well because there are so many careers associated with it she said. weatherholtz said not only are students learning where their food comes from but they are able to learn science and math in an innovative way. experiential learning hands on learning is what really encourages and motivates our children at all ages to be life long learners she said. we have seen it be a great motivator for our children to learn and so we hope to continue this and with our great partners throughout the city we will. credit christine weatherholtz . valentine said not only are the students invested in the program but so are linden community members. they know what s going on here. they protect what s going on here. when they see us out here working they know who are you. they want to know what you re doing out here valentine said. valentine said after the students finish their research in the garden the food goes back to the community. we are in a food desert here in linden he said. every thursday we are out here harvesting and by noon all of it is gone typically. anything that s not gone goes over to saint stephen s community house and it goes right back to the community. for students like kenneth pullien he hopes the garden sends an important message. to learn more about the program click here. """
sport,"competition 2021 . bmw x3 m competition 2021 . bmw x3 m competition 2021 . bmw x3 m competition 2021 . bmw x3 m competition 2021 . bmw x3 m competition 2021 . bmw x3 m competition 2021 . bmw x3 m competition 2021 . bmw x3 m competition 2021 . bmw x3 m competition 2021 . bmw x3 m competition 2021 . bmw x3 m competition 2021 . bmw x3 m competition 2021 . bmw x3 m competition 2021 . bmw x3 m competition 2021 . bmw x3 m competition 2021 . bmw x3 m competition 2021 . bmw x3 m competition 2021 . bmw x3 m competition 2021 . bmw x3 m competition 2021 . bmw x3 m competition 2021 . bmw x3 m competition 2021 . bmw x3 m competition 2021 . bmw x3 m competition 2021 . bmw x3 m competition 2021 . bmw x3 m competition 2021 . bmw x3 m competition 2021 . bmw x3 m competition 2021 . bmw x3 m competition 2021 . bmw x3 m competition 2021 . bmw x3 m competition 2021 . bmw x3 m competition 2021 . bmw x3 m competition 2021 . bmw x3 m competition 2021 . bmw x3 m competition 2021 . bmw x3 m competition 2021 . bmw x3 m competition 2021 . bmw x3 m competition 2021 . bmw x3 m competition 2021 . bmw x3 m competition 2021 . bmw x3 m competition 2021 . bmw x3 m competition 2021 . bmw x3 m competition 2021 . bmw x3 m competition 2021 . bmw x3 m competition 2021 . bmw x3 m competition 2021 . bmw x3 m competition 2021 . bmw x3 m competition 2021 . bmw x3 m competition 2021 . bmw x3 m competition 2021 . bmw x3 m competition 2021 . bmw x3 m competition 2021 . bmw x3 m competition 2021 . bmw x3 m competition 2021 . bmw x3 m competition 2021 . bmw x3 m competition 2021 . bmw x3 m competition 2021 . bmw x3 m competition 2021 . """
lifestyle,"bethel ct . monroe ct . southbury ct . brookfield ct . oxford ct . danbury ct . weston redding easton ct . trumbull ct . shelton derby ct . woodbury middlebury ct . june 14th to august 20th. summer reading challenge for grades 6 12june 14 august 20 . create an account at log your time spent reading to win points. each week participants will have the opportunity to use their reading points for the chance to win gift cards for local businesses. the summer s top readers will have a chance to win a kindle fire tablet. create an account at for every book review you submit you will be entered into the friday morning gift card raffle as well as the end of the summer raffle of your choice. thank you . survey . cyrenius h booth library summer reading . """
health,"p chidambaram said that if necessary the government must print money to support its expenditure. former union minister and congress leader p chidambaram on tuesday said that if necessary the government must print money to support its expenditure. the congress leader while addressing a press conference said if necessary the government must print money. we have space and sovereign right to print money and if at any point the government feels that too much is being printed it can always stop printing it. he said at the moment i think printing money is clearly advised. i am very happy that someone so distinguished as dr. abhijit banerjee has supported the idea. there are many other economists who have recommended that the government must print money to support its expenditure. when asked about the impact of the fiscal deficit on announcements made in the budget about the healthcare sector like vaccination and other programmes the former union minister said this is not the time to worry about the fiscal deficit. for 2021 2022 they have projected a fiscal deficit of about what if it becomes so what according to me it does n t make any difference at all it should not make a difference and it should not stop us. what we need is we cannot lose another year like we have lost the whole of the last year and i am afraid the way this government is reacting it is going to lose another year. fortunately we are only at the beginning of june we still have 10 months. this is the time to act this the time to act boldly and decisively borrow and spend. if necessary print money and spend on health care spend on infrastructure he said. the former union minister said that no one can predict when things will get better as it is not known whether there will be a third and fourth wave of coronavirus pandemic. the senior congress leader said no one can predict when things will get better because we do not know whether there will be a third wave or a fourth wave. all we can say is if you do not do the steps that we are advocating things will not get better. would you rather quietly sit do nothing. this will certainly result in disaster. he further added that is why the number of people are recommending take steps bold decisive steps now and try to see whether you can ward off a greater disaster. unless you take steps now how will you prevent the consequences of a third wave or a fourth wave this is the mistake they made last year they did not take the steps that we advocated and when the second wave came they were unprepared both on the health infrastructure side and on the economic management side he added. """
health,"premium covid 19 vaccinations being performed at a vaccination centre on zakir hussain road in new delhi. india has been witnessing a continuous fall in the active caseload and the country s active caseload today stands at 1080690 . india s reported covid 19 cases have continued to show a downward trend and remained below one lakh mark for the fifth consecutive day as the country recorded 84332 new cases during the last 24 hours said the ministry of health and family welfare on saturday. india s reported covid 19 cases have continued to show a downward trend and remained below one lakh mark for the fifth consecutive day as the country recorded 84332 new cases during the last 24 hours said the ministry of health and family welfare on saturday. with the new cases the covid case tally in india reached 29359155. with the new cases the covid case tally in india reached 29359155. india has been witnessing a continuous fall in the active caseload and the country s active caseload today stands at 1080690 with a net decrease of 40981 cases in the last 24 hours. the union health ministry informed that india s daily recoveries continue to outnumber the daily new cases for the 30th consecutive day. as many as 121311 recoveries were registered in the last 24 hours. india s cumulative recoveries have reached 27911384 today. with 4002 new fatalities in the last 24 hours the covid death toll in the country mounted to 367081. according to the indian council of medical research icmr as many as 374242384 samples were tested for covid 19 so far out of which 2044131 samples were tested yesterday. as many as 249600304 doses of covid 19 vaccines have been administered across the country so far. adfree adfree . """
religion,"lately  that has increasingly encompassed religion  both in central china and on its fringes  such as tibet. the party is pressing a program to sinicize tibetan life through programs to separate tibetans from their language  culture  and especially  their devotion to the dalai lama  tibet s traditional spiritual leader who has lived in exile since 1959. in the sun drenched courtyard of the jokhang temple  one of the holiest sites in tibetan buddhism  the head monk lhakpa said the dalai lama is not its spiritual leader. the associated press joined a rare and strictly controlled media tour to tibet highlighting what the government describes as the social stability and economic development of the region after 70 years of communist party rule. stops included monasteries  temples  schools  poverty alleviation projects  and tourist sites. that appears to reflect the party s confidence that it is prevailing in the global battle of public opinion over tibet. as a counterweight  tibet rights groups continue to report frequent detentions  economic marginalization  a suffocating security presence and heavy pressure to assimilate with china s han majority while pledging loyalty to the communist party. tibetans in exile say they were effectively independent for centuries and accuse china of trying to wipe out tibet s buddhist culture and language while exploiting its natural resources and encouraging chinese to move there from other parts of the country. beijing says tibet has long been a part of china and that the communists liberated hundreds of thousands of illiterate serfs when they overthrew the ruling theocracy in 1951. security has been tightened significantly since widespread anti government protests in 2008  shortly before the beijing summer olympics  accompanied by redoubled efforts at economic development and the declining influence of buddhism. in the model village of baji east of lhasa  the capital  residents dressed in traditional garments told foreign journalists how poverty alleviation campaigns had changed their lives. time has changed  so people s demands have changed. people needed religious beliefs as their spiritual sustenance in old times  but now we don t  said tsering yudron  25  an accountant. the government points to the billions of dollars it has invested in roads  airports  railways  schools and hospitals  saying development has doubled life expectancy  brought electrification  jobs  and opportunities to a region that long lagged behind. tibet has eradicated extreme poverty  reads a 2019 government report on tibet. people now lead better lives and live in contentment. a brand new socialist tibet has taken shape. the impact on traditional culture has been stark. like christians and muslims  tibetan buddhists have increasingly been pressured to sinicize their religions under a program put forth by xi  china s most authoritarian leader since mao zedong. while repression has been less harsh than in nearby xinjiang  which has seen mass incarcerations of turkic muslims  residents are under extreme pressure to monitor each other and infractions can bring long prison sentences  rights groups say. the party has evolved a system to control tibetans through their faith  said robert barnett  a tibet scholar at the school of oriental and african studies in london. especially since the 2008 protests  the government has sought to get the love of the communist party into those tibetan minds when they re children  he said. from campuses to homes  portraits of xi now hang from the walls of homes and temples as once did images of the dalai lama. tibetan buddhism should be guided in adapting to the socialist society and should be developed in the chinese context  xi said during a meeting in beijing focused on tibet. china has increasingly vilified the dalai lama  who fled tibet amid a failed uprising against chinese rule in 1959  and has in recent years relinquished his political role as head of the self proclaimed tibetan government in exile. seeking to quell protests that pop up every decade or so  the party banned all images of the dalai lama in 1996  excised the exiled leader from books and broadcasts  and installed cadres in most villages  monasteries and nunneries. while the dalai lama says he seeks only meaningful autonomy under chinese rule  beijing accuses him of supporting terrorism and seeking to split tibet from china  and has cut off all contacts with his representatives. with the dalai lama soon to turn 86  attention has increasingly turned to the question of his succession  or reincarnation as traditional belief holds. the successor is traditionally identified by senior monastic disciples  based on spiritual signs and visions. but china says that only beijing can appoint the next dalai lama in a ceremony using a golden urn to pick from among candidates approved by the central government. reincarnation of living buddhas including the dalai lama must comply with chinese laws and regulations and follow religious rituals and historical conventions  said a foreign ministry spokesperson in 2019. at the government built tibetan buddhist college outside of lhasa  more than 900 students study religion along with politics  law  computer science  chinese and tibetan. among them are eight monks aged 7 to 11  recognized as reincarnations or living buddhas. chalk art celebrating 70 years of china s military takeover of tibet adorns the wall next to a portrait of xi in a class taught in tibetan. we must adhere to the leadership of the party over the religious affairs and the sinicization of religions. we must continue to accommodate the religions to the socialist system of china  said zhang liangtian  the college s top communist party official. china has built a network of schools and institutions across tibet to try and manufacture a domesticated version of tibetan buddhism to counter the leadership in exile  said dibyesh anand  the head of university of westminster s international relations department in london. the goal  anand says  is to change the very core of tibetan buddhism by generating confusion about the dalai lama and his leadership  and eventually to dismantle his legacy as a paramount national leader. china has meanwhile sought to elevate other spiritual figures  particularly tibetan buddhism s second ranking figure  the panchen lama. a boy recognized by the dalai lama as the new panchen disappeared soon after and beijing produced its own successor  whose legitimacy is highly contested. zhang  the tibet buddhism college s top party official  said that while the dalai lama had betrayed his country  the panchen lamas love the country and the religion. barnett said the close management of schools is a campaign to change the minds of future generations of tibetans to push for removing the possibility that people will listen to the dalai lama if they even get to hear what he says. still  china believes it needs a religious leader to act as their proxy in order to control tibet  barnett said. it s all about a long term historical project to control the next dalai lama  he said  even if you can t control this one.' """
humanInterest,"the park falls farmers market is held every wednesday at christ the servant church on highway 13 in park falls from 2 to 5 30 this week at the market you will find asparagus maple syrup honey raspberry jam kale swiss chard cilantro chives lettuce rhubarb onions garden and flower plants a great variety of baked goods homemade noodles and fudge freeze dried and dehydrated fruit dog biscuits herbs pickles painted crafts and microwavable serving bowl cozies salsa and farm fresh eggs and more. most vendors accept snap formerly known as food stamps wic and senior market """
social,nnuh patient engagement experience team u200f patientexp nnuh jun 11 . patientexp nnuh patientexp nnuh patientexp nnuh patientexp nnuh patientexp nnuh patientexp nnuh patientexp nnuh . as carersweek draws to a close for us we d like to take the opportunity to thank every carer that supports our patients thank you for all that you do we d also like to thank the local organisations that work with us to improve our support for carers nnuh . 
arts,"kingston city hall glows orange on monday night the first of nine nights of illumination in memory of 215 indigenous children whose remains were discovered in unmarked graves on the site of a former residential school in kamloops photo by elliot ferguson the whig standard . kingston mayor bryan paterson recommitted city council to a path of meaningful reconciliation with indigenous peoples. in a short statement ahead of the customary first people s recognition statement that at the start of every council meeting acknowledges the work of indigenous and non indigenous people in building the community paterson said last weekend s discovery of the remains of 215 children in unmarked graves at the site of a former residential school in kamloops was a terrible discovery. we mourn this loss together with the indigenous community. we also recognize there were many other children who were victims of the residential school system paterson said on tuesday night which also marked the first day of national indigenous history month. paterson said the city remains committed to a path of meaningful reconciliation that boasts substantive actions and full and open discussion and learning from our history. our hearts go out to all who have been impacted by this terrible discovery in kamloops and by the broader legacy of residential schools. part of that work tuesday night included unanimously approving a proposal for an indigenous supportive housing facility at 113 lower union st. the facility is expected to provide housing for up to 19 indigenous people with access to services and cultural supports. the facility would provide an abundance of benefit and help indigenous people far beyond the 19 people directly housed in the building said robert rittwage of tipi moza the indigenous housing provider that proposed the housing plan. the city owned building at 113 lower union st. in kingston is to become a new indigenous housing centre. jpg ki . providing a home a sense of security and indigenous ways of knowing and being will bring back that sense of identity to our community members rittwage said. once a sense of identity and self worth is present that individual has the ability to explore a brand new world from a stable foundation filled with traditional values and that sense of overall well being and balance. donald mitchell of the sydenham district association said the community supports the continued use of 113 lower union st. as supportive housing. the tipi moza housing plan for the building is compatible with the 10 year municipal housing and homelessness plan and the mayor s task force on housing. the lower union street property is to be the first time the city has purchased a building for use as affordable housing and had an outside agency provide supportive housing operations. """
humanInterest,"gardeners can easily find something to do every month of the year but where do they get their pleasure and satisfaction . well let s take a look at this june s calendar and see what needs to be done and where they get their joy and pleasure. persons with pretty lawns always try to keep them that way and often resort to chemicals to help with that problem. unless your grass is either bermuda or zoysia don t use herbicides during hot weather or your other warm season lawn grasses will be damaged. you may however spot treat individual weeds or clumps of weeds with the understanding that your primary lawn grass will be damaged or possibly killed at that specific location. a job if you grow pumpkins for decoration or eating plant them now for a fall harvest. a job continue to spray flowers fruit trees and vegetables with mostly fresh insecticides as insects generally do more damage in june than do diseases. a job replace cool season flowers that summer heat has adversely affected with types that flourish during the extreme heat of summer. a joy blackberries are ripening this month so get em while they are available. a joy blueberries are also ready to eat this month from your own garden or from a commercial farm or perhaps from a farmers market. a joy peaches are nearly always a local june special. the first ones in the early part of the month are usually cling type fruit where the flesh adheres to the pit or seed and varieties that ripen in late june and in july are free stone meaning that the seed easily separates from the flesh. a joy okra plantings should now be producing nice size pods and most of us know of several ways to use the fruit of this plant. a joy gardeners who planted irish potatoes back at the proper time in mid february and can uncover some beauties from one of the hills will experience some pleasure and joy. a joy likewise persons who planted onions during the cool season months will be ready to harvest and enjoy eating them this month. a job in the last few weeks we seem to have had an abundance of rain. but if the weather turns hot and dry it will probably become necessary to hook up our irrigation systems. a joy there is always pleasure in giving and sharing. so if your efforts in either the vegetable garden or flower garden resulted in a surplus why not share with friends neighbors or relatives or if it s food the local food bank . a job many landscapes still show the destructive effects of the severe artic weather including mine. if dead and damaged plants haven t yet been dealt with meaning removed and properly destroyed or renovated where possible june would be a good time to continue your efforts to get your landscape back in """
sport,"stevens cheer on competitors at the 2021 olympic swimming trials in adelaide . cody simpson jetted to adelaide with his girlfriend marloes stevens and his mother angie on thursday ahead of the australian olympic swimming trials. and on saturday the former pop star was spotted cheering on other competitors at the event. the 24 year old cut a casual figure in black jeans and a matching coloured t shirt as he watched other swimmers compete with marloes and mum angie. showing their support cody simpson and girlfriend marloes stevens cheered on swimmers at the 2021 olympic swimming trials in adelaide on saturday . the australian olympic swimming trials will be one of the most pivotal moments in cody s sporting career. cheering them on the 24 year old cut a casual figure in black jeans and a matching coloured t shirt as he watched other swimmers compete with his girlfriend marloes and mum angie . last week cody revealed the australian swimming moments that inspired him to trade the stage for the pool. one of those inspirations was grant hackett s 1500m win at the 2004 athens olympics which the athlete achieved with a partially collapsed lung. he s a long time friend of the family and he just smashed it. that swim just showed how resilient he is cody told the daily telegraph. pivotal the australian olympic swimming trials will be one of the most pivotal moments in cody s sporting career . cody also cited michael phelps breaking the 50 second record in the 100m butterfly in rome in 2009 as influential to him. inspired last week cody revealed the australian swimming moments that inspired him to trade the stage for the pool. one of those inspirations was grant hackett s 1500m win at the 2004 athens olympics which the athlete achieved with a partially collapsed lung . influential cody also cited michael phelps breaking the 50 second record in the 100m butterfly in rome in 2009 as influential to him . """
religion,"residential school survivors are speaking out about their personal experiences after an estimated 751 unmarked graves were found at the former marieval indian residential school in saskatchewan. leaders of the cowessess first nation around 160 kilometres east of regina confirmed the number on thursday adding they currently don t know if all the unmarked graves are children but will try to put a headstone and name to each body found. estimated 751 unmarked graves found at former saskatchewan residential school . they made us believe we didn t have souls said 80 year old elder florence sparvier a survivor of the marieval indian residential school and member of cowwessess first nation. they pounded it into us and they were really mean. when i say pounding i mean pounding. those nuns were really mean to us. sparvier is one of the roughly 150000 first nations children who went through canada s church run residential school system which ran from the 1870s until the 1990s. the cowessess report comes less than a month after a first nation in british columbia announced ground penetrating radar had found the remains of 215 children buried on the site of a former residential school in kamloops. the marieval indian residential school where the discovery of the unmarked graves was made this week operated between 1899 and 1996. according to the national centre for truth and reconciliation records the school was constructed by roman catholic missionaries before the federal government started funding the school in 1901. speaking at a press conference held by the federation of sovereign indigenous nations fsin and cowessess first nation on thursday sparvier detailed stories of her years at the residential school. at that time if parents didn t want to allow their children to go to boarding school one of them had to go to jail she said. she said her mother and grandmother also attended the school where all of the children learned how to be roman catholic and were told about a new being that was supposed to be our ultimate saviour. we had our own way of honouring ourselves and mother earth at our homes when we were little sparvier explained. but we had to leave all that that was stripped away when we went to boarding school. they were very condemning about our people they told us our people our parents and grandparents were not spiritual and we were all heathens. the abuse and assimilation caused multi generations of trauma for indigenous people as we learned not to like who we were she said. indigenous youth in saskatchewan reflect on intergenerational trauma from residential schools . on thursday the archdiocese of regina released a statement about the discovery apologizing for the church s role in the atrocities. it comes in contrast to the catholic church itself which has so far fallen short of issuing an official apology for its role. i know that apologies seem a very small step as the weight of past suffering comes into greater light but i extend that apology again and pledge to do what we can to turn that apology into meaningful concrete acts archbishop donald bolen said in the statement. he added that the church will help the community access information and provide names of those buried in unmarked graves. barry kennedy a residential school survivor who also attended marieval indian residential school said he was five years old when he was taken away from his parents by the rcmp. i remember the fight and arguments that my parents were having to try and get them to leave us alone she said my mother was also a survivor so she knew what happened at residential schools. kennedy who is a member of the carry the kettle nakoda nation in southern saskatchewan attended the residential school for five years and said during the day the place was like any normal school the children went to classes had recess and had lunch. at nighttime is when he would come and would start taking boys. you could hear the cries and the moans and screams he said. they called him the keeper and he had a room just off of the main boys dormitory. he would make his passes to check on the boys and then all of a sudden would start taking the boys. kennedy said he heard the children fighting screaming and yelling for help. there s many of us that did suffer residential school survivor walks from prince albert to ottawa . because he was only five years old he said he didn t understand what rape and abuse were. it was how things operated at nighttime in the school. it was a poor poor upbringing he said. kennedy said he was shocked by the number of unmarked graves that were found at the saskatchewan residential school but at the same time he was not surprised. when he was an altar boy at the school kennedy said he participated in the burial of a person at the back of the church. canada s truth and reconciliation commission which published a report that found canada s residential school system amounted to cultural genocide acknowledged that a cemetery was left on the marieval site after the school building was demolished. at least 4315 children have died while attending residential schools in canada. and in the wake of the horrific news from saskatchewan the number has now grown. many indigenous communities say there are multiple sites with unmarked graves across canada that have yet to be discovered. i think there are multiple sites we heard of other gravesites across the valley kennedy said. i think there s still a long job ahead. my heart goes out to cowessess and all its members and the task they have taken on as a community. terribly saddened trudeau laments residential school graves discovery in saskatchewan . kennedy added that he still has mixed feelings with the federal government the catholic church and the rcmp because this has all been hidden for years. the church still hasn t stepped forward. they were the ones who had the biggest hand in this and they are the ones who are so withholding. they cant get away with this he said. prime minister justin trudeau also made a statement on twitter about the findings at the residential school saying he was terribly saddened and vowed to provide support to the first nations community to bring these terrible wrongs to light. the indian residential schools resolution health support program has a hotline to help residential school survivors and their relatives suffering with trauma invoked by the recall of past abuse. the number is 1 866 925 4419. """
crime,"new york reuters a former senior treasury department employee who pleaded guilty to conspiring to give a reporter sensitive information about donald trump s onetime campaign chairman paul manafort and others was sentenced on thursday to six months in prison. natalie mayflower sours edwards a former senior adviser in treasury department s financial crimes enforcement network fincen was sentenced by district judge gregory woods in manhattan. prosecutors said the more than 2000 reports leaked over one year concerned manafort and his deputy rick gates who both oversaw trump s 2016 presidential campaign as well as the russian embassy in washington and other individuals. the reports were a basis for articles concerning former special counsel robert mueller s probe into russian interference in the 2016 election. edwards 43 of quinton virginia had sought no prison time after being charged in october 2018 and pleading guilty in january 2020. before being sentenced she called herself a whistleblower who went to the media after uncovering suspicious conduct elsewhere at the treasury department. citing principles from her american indian background she said before being sentenced she could not stand by in silence but apologized for her disclosures. woods said blowing the whistle through proper channels is an incredibly valuable exercise but that edwards went too far by disclosing about 50000 records including the sars. dr. sours edwards decided to abuse her position of trust he said. federal prosecutor kimberly ravener said edwards rampant disclosure of private information was unparalleled in fincen history and could have a chilling effect on banks willingness to file detailed sars. she claimed that she followed procedure. but she made up her own ravener said. edwards was also sentenced to three years supervised release. the buzzfeed reporter jason leopold was not accused of wrongdoing. he embraced edwards after meeting her outside the courthouse following the sentencing. reporting by jonathan stempel in new york additional reporting by brendan mcdermid editing by bill berkrot . natalie mayflower sours edwards a former senior adviser in treasury department s financial crimes enforcement network fincen was sentenced by district judge gregory woods in manhattan. edwards was accused of making unauthorized disclosures of suspicious activity reports sars used by banks to alert law enforcement to potential money laundering and other crimes to a buzzfeed news reporter using an encrypted messaging program. prosecutors said the more than 2000 reports leaked over one year concerned manafort and his deputy rick gates who both oversaw trump s 2016 presidential campaign as well as the russian embassy in washington and other individuals. the reports were a basis for articles concerning former special counsel robert mueller s probe into russian interference in the 2016 election. edwards 43 of quinton virginia had sought no prison time after being charged in october 2018 and pleading guilty in january 2020. before being sentenced she called herself a whistleblower who went to the media after uncovering suspicious conduct elsewhere at the treasury department. woods said blowing the whistle through proper channels is an incredibly valuable exercise but that edwards went too far by disclosing about 50000 records including the sars. dr. sours edwards decided to abuse her position of trust he said. federal prosecutor kimberly ravener said edwards rampant disclosure of private information was unparalleled in fincen history and could have a chilling effect on banks willingness to file detailed sars. she claimed that she followed procedure. but she made up her own ravener said. edwards was also sentenced to three years supervised release. the buzzfeed reporter jason leopold was not accused of wrongdoing. he embraced edwards after meeting her outside the courthouse following the sentencing. reporting by jonathan stempel in new york additional reporting by brendan mcdermid editing by bill berkrot . natalie mayflower sours edwards a former senior adviser in treasury department s financial crimes enforcement network fincen was sentenced by district judge gregory woods in manhattan. edwards was accused of making unauthorized disclosures of suspicious activity reports sars used by banks to alert law enforcement to potential money laundering and other crimes to a buzzfeed news reporter using an encrypted messaging program. prosecutors said the more than 2000 reports leaked over one year concerned manafort and his deputy rick gates who both oversaw trump s 2016 presidential campaign as well as the russian embassy in washington and other individuals. the reports were a basis for articles concerning former special counsel robert mueller s probe into russian interference in the 2016 election. edwards 43 of quinton virginia had sought no prison time after being charged in october 2018 and pleading guilty in january 2020. before being sentenced she called herself a whistleblower who went to the media after uncovering suspicious conduct elsewhere at the treasury department. citing principles from her american indian background she said before being sentenced she could not stand by in silence but apologized for her disclosures. woods said blowing the whistle through proper channels is an incredibly valuable exercise but that edwards went too far by disclosing about 50000 records including the sars. dr. sours edwards decided to abuse her position of trust he said. federal prosecutor kimberly ravener said edwards rampant disclosure of private information was unparalleled in fincen history and could have a chilling effect on banks willingness to file detailed sars. she claimed that she followed procedure. but she made up her own ravener said. edwards was also sentenced to three years supervised release. the buzzfeed reporter jason leopold was not accused of wrongdoing. he embraced edwards after meeting her outside the courthouse following the sentencing. """
other,"amrita rao s husband rj anmol took to instagram to share the first picture of his son veer. the photo shared by anmol features himself with wife amrita and their son veer. the couple had welcomed their first baby in november last year. first pic of amrita rao and rj anmol s son veer . their little one is all smiles in the picture while amrita and anmol can be seen adoringly looking at him. our world our happiness. veer sic the photo caption read. how did fans react . as soon as rj anmol shared the picture on his instagram handle comments from fans and followers started pouring in. so cute baby sic a fan wrote. awww he is so cute sic another comment read. what a beautiful picture sic another fan wrote. the comments section is replete with love struck and heart emojis. provided by india today . amrita rao and rj anmol welcomed baby boy in november 2020 . amrita rao and rj anmol announced the birth of their baby boy in november last year. a few days after their son s birth amrita shared a post on instagram which read hello world. meet our son veer he is lookin at his 1st brofist frm you seek your blessings amrita rao rj anmol sic . the picture amrita shared offered a partial glimpse of the baby. the photo shared by anmol features himself with wife amrita and their son veer. the couple had welcomed their first baby in november last year. first pic of amrita rao and rj anmol s son veer . on thursday morning march 18 rj anmol shared a picture on the gram which features the trio happily posing for the camera. their little one is all smiles in the picture while amrita and anmol can be seen adoringly looking at him. our world our happiness. veer sic the photo caption read. how did fans react . as soon as rj anmol shared the picture on his instagram handle comments from fans and followers started pouring in. so cute baby sic a fan wrote. awww he is so cute sic another comment read. what a beautiful picture sic another fan wrote. the comments section is replete with love struck and heart emojis. provided by india today . amrita rao and rj anmol welcomed baby boy in november 2020 . a few days after their son s birth amrita shared a post on instagram which read hello world. meet our son veer he is lookin at his 1st brofist frm you seek your blessings amrita rao rj anmol sic . the picture amrita shared offered a partial glimpse of the baby. on the work front amrita rao was last seen in 2019 film thackeray. the film also starred nawazuddin siddiqui who played the role of bal thackeray. amrita was seen playing the role of bal thackeray s wife meena. also read amrita rao and husband rj anmol welcome baby boy . also read amrita rao and husband rj anmol expecting their first child . """
unrest,"the palestinian resistance movement hamas says the recent operation al quds sword has been the best response to israel s annexation scheme and the regime s violations in the occupied jerusalem al quds. the operation al quds sword turned the table over the head of the occupation as it thought that it could impose new faits accomplis in jerusalem al quds and attack our people there through suppressing and displacing them without the palestinian people lifting a finger said hamas in a press release on sunday the palestinian information center reported. tel aviv launched a brutal bombing campaign against the besieged gaza strip on may 10 following palestinian retaliation against violent raids on worshipers at al aqsa mosque and the regime s plans to force a number of palestinian families out of their homes at the sheikh jarrah neighborhood of east jerusalem al quds. according to gaza s health ministry 260 palestinians were killed in the israeli offensive including 66 children and 40 women. in response palestinian resistance movements chief among them hamas launched operation al quds sword and fired more than 4000 rockets and missiles into the occupied territories killing 12 israelis. apparently caught off guard by the unprecedented barrage of rockets from gaza israel announced a unilateral ceasefire on may 21 which palestinian resistance movements accepted with egyptian mediation. elsewhere in the statement on sunday hamas called on palestinians across the occupied territories to continue their uprising for jerusalem al quds and respond to israel s ongoing aggression against its inhabitants in the holy city and al aqsa mosque. the resistance movement also hailed the sacrifices palestinian living in jerusalem al quds make every day to defend the holy city. furthermore hamas urged the arab and islamic world to play their part in safeguarding the identity of al quds and al aqsa mosque and standing decisively against the normalization of ties with the israeli regime which emboldened it to defile the aqsa mosque and kill gaza children. "" "
arts,"american football 71 arts culture and entertainment music rock and roll music 62 arts culture and entertainment fashion 55 the uniform concept of the cleveland municipals continues the current team s appearance with municipals and munis in distinctive script and fonts. provided by jamie lansdowne 2 5 . the c in the cleveland municipals logo takes on the shape of cleveland s historic ballpark cleveland municipal stadium. the cleveland municipals cap pays homage to cleveland s negro leagues team the buckeyes. 5 5 . in case you haven t heard the cleveland indians are changing their name. it could be at the end of this season it could be set into place and become official for the start of the 2023 season. that leaves the 2022 season if ownership needs that much time to set a name in stone and get all the logos copyrights and trademarks put in place. nonetheless the native american moniker the franchise has had since 1915 will become a thing of the past. the most notable organization to do this that in my opinion eventually shifted public awareness to cleveland was the nfl s washington franchise which changed its name to the washington football team. that name will stay in place through the upcoming season however it has been noted the official new name could very well come after the next super bowl. long story short it all stems from moving away from mascots and identities that are offensive to native american people. and i for one am in favor of it. times are changing our culture is changing and to progress forward to more positivity i truly believe organizations like our sports teams can and should be on the forefront of making this a reality. so what name should cleveland use moving forward . and now now now now the starting lineup up up up for your cleveland municipals. that s right my friends the cleveland municipals. this is the brainchild of two fantastic gentlemen authentic clevelanders who want to keep the history of their beloved franchise intact and have continuity for the future will weible and jamie lansdowne. their whole idea is based on using a name that identifies the cleveland community and continues to dignify traditions. cleveland municipals pays tribute to northeast ohio s rich sports history while representing our community s past present and future weible and lansdowne often post to social media to support their campaign. webster defines municipal as relating to city or . the campaign the two have created to get fans on board and hopefully convince cleveland owner paul dolan includes uniform concepts that embody the current and retro appearances of the team as well as a very honorable navy blue cap design that includes a red c in the shape of the historic cleveland municipal stadium with a white m. the design is a nod to the cleveland buckeyes of the negro leagues. the buckeyes wore a similar logo on jackets celebrating their sweep of the homestead grays in the 1945 negro leagues world series the first game of which was played at municipal stadium the description on reads. i have to say there s something very baseball when i read and speak cleveland municipals. it is no different than the new york metropolitans more widely known as the mets or washington nationals whose origins date back to the 1880s. even the montreal expos or expositions were named after a world s fair held in montreal in 1967. also when you look at the overall news coverage social media awareness and every effort to design logos uniforms and give in depth reasoning to each concept and why the team should be renamed the cleveland municipals dolan and other executives that hold the franchise s fate in their hands would be foolish to not reach out to weible and lansdowne and say gentlemen let s talk. i mean they ve done all the work. they re handing the top brass a golden opportunity an opportunity that i believe can easily be implemented by the start of next season. there was a quick turnaround for the expos transition to nationals with logos merchandising etcetera. why not do the same for cleveland and start a new chapter . heck even saucy brew works a cleveland craft beer company developed a helles lager to support the name and create awareness. they even made baseball style logos for the beer cans and included the script writing concept of the municipals uniforms. other names have been suggested as well. such as the guardians rockers a nod to cleveland being home to the rock n roll hall of fame and spiders all of which sound like a minor league team no higher than single a short season. i would like to point out being a lifelong baseball fan and history buff that the cleveland spiders already had their chance. they were in the national league and were so bad in 1899 they played a majority of that year on the road. cleveland s name dilemma isn t about just finding the perfect name. this is about baseball as a whole setting a precedent maintaining history and setting a positive outlook. so i say bring on the municipals. not just for cleveland but for baseball. even their short name munis is fun. can t you hear the crowd let s go mu nis clap clap clap clap clap. let s go mu nis . """
science,"gwangju south korea prnewswire what if you could squeeze out electricity from things some materials it turns out do have this property. piezoelectricity is the electric charge that accumulates in certain solids when mechanical stress is applied on them. piezoelectric materials like bismuth ferrite thin films when grown on a single lanthanum aluminate substrate give rise to highly strained epitaxial thin films that exhibit excellent electromechanical and ferroelectric properties. in bismuth ferrite thin films doped or polluted with lanthanum blfos piezoelectricity is attributed to the presence of mixed phase structures with stripe patterns. researchers from the gwangju institute of science and technology in korea have investigated the transformation dynamics induced by an electric field in mixed phase lanthanum doped bismuth ferrite blfo epitaxial thin films . mixed phase epitaxial blfo thin film represents significant electric field induced phase transformation dynamics report scientists from the gwangju institute of science and technology image credit ji young jo from the gwangju institute of science and technology . the formation of stripe patterns and controlling the mixed phase structures of blfo have been the focus of many studies over the years. but due to the ultrafast nature of phase transitions the formation of energetically favorable phases under applied electric field and the origin of large electrochemical response sufficiently explored. many scientists engaged in research on blfo are currently plagued by the question what does the presence of an s polymorph an intermediate phase do to the properties of the material . researchers at the gwangju institute of science and technology gist led by prof. ji young jo embarked on a journey to investigate the phase transformation dynamics of blfo epitaxial thin films with the help of time resolved x ray microdiffraction. we chose this technique because it helps us understand the electric field induced phase transformation dynamics of the piezoelectric materials in a time scale ranging from picoseconds to microseconds explains prof. jo. the results of their exploration of the piezoelectric properties of blfo films along with the identification of the mixed phase structures and striped patterns are published in in acta materialia. this paper was made available online on 21 jan 2021 and was published in volume 207 issue 116683 of the journal on 1 april 2021. blfo can be converted into monoclinic ma mc tilted mc tetragonal t phase an intermediate s phase or mixed phases via strain engineering. the investigation into the transformation dynamics revealed that the phase changed were from mc to s phase were dependent on the polarity of the electric field applied. the study also concluded that the high piezoelectric response seen in mixed phase blfo films is due to the presence of s stilt xad phases. understanding the role of stripe patterns and the s phases can help us create ultrafast piezoelectric devices with a response time of sub microseconds concludes prof. jo. the findings from this study provide us a new perspective on the use of strain engineering to design ultra high piezoelectric thin films. this has far reaching implications in the future of energy harvesting. title of original paper the role of intermediate s polymorph towards high piezoelectricity in la doped bifeo3 epitaxial thin films journal acta materialia doi https . about gwangju institute of science and technology gist . gwangju institute of science and technology gist is a research oriented university situated in gwangju south korea. one of the most prestigious schools in south korea it was founded in 1993. the university aims to create a strong research environment to spur advancements in science and technology and to promote collaboration between foreign and domestic research programs. with its motto a proud creator of future science and technology the university has consistently received one of the highest university rankings in korea. source gwangju institute of science and technology .' """
religion,"noel gallagher hates being centre of attention in music videos . by celebretainment . noel gallagher hates being in music videos. the former oasis rocker is not a fan of starring in his own promos and that s why he hires his famous pals to be the main attraction. speaking on gary kemp and guy pratt s rockonteurs podcast  he confessed i f hate videos. i hate them with a passion. i hate the fact they f cost money. and i have to p around all day about in the rain. i say this is all i can afford  go and do what you can and i ll be in it for 10 seconds . if i can  i ll blag another famous person to be in it for me. the 54 year old musician has been pals with the crown star matt smith for a few years now and got him drunk to ask him to be in his latest promo for high flying birds we re on our way now . the wonderwall songwriter says writing songs is like his religion and he will never retire from penning tunes. he said i would never give up writing songs for anything. i m not into spiritual stuff  religion or therapy or all that. so it s kind of my meditation. as long as you can  you should. there s enough s people have to deal with on the news  that why would you retire if you can still do it . and his upcoming batch of songs are set to be more stripped back  as he recently revealed his next solo album is going to be more acoustic than his last lp. the some might say hitmaker is going back to his oasis roots as opposed to his last full length high flying birds release  2017 s who built the moon   and his run of eps which all had a more experimental and dance tinged sound due to noel s studio work with producer david holmes. discussing the sound of his latest tracks  he spilled it s leaning to be more acoustic  actually. there will be more acoustic tracks on it than i would do and the reason for that is that i did those eps the year before last and i was in that frame of mind to something electronic. if i had n t done that  my next album would have been like those eps. so that s given me a thing to react against. it s more acoustic and a lot slower paced and bit more atmospheric. it s good  though. there s some bangers on there as well. tags . yahya abdul mateen ii to star in emergency contact . yahya abdul mateen ii has been tapped to star in action film emergency contact   with dwayne the rock johnson among the producers. bindi irwin praises parents romance the stuff of miracles . bindi irwin has praised her parents love as the stuff of miracles   as she helps her mother  terri irwin  celebrate what would have been her 29th wedding anniversary with late husband steve irwin. leomie anderson wants to swap the catwalk for a chat show . former victoria s secret angel leomie anderson has set her sights on landing her own tv talk show. people . bindi irwin has praised her parents love as the stuff of miracles   as she helps her mother  terri irwin  celebrate what would have been her 29th wedding anniversary with late husband steve irwin. people . leomie anderson wants to swap the catwalk for a chat show . former victoria s secret angel leomie anderson has set her sights on landing her own tv talk show. noel gallagher planning solo oasis tour . noel gallagher is planning a tour in which he only performs oasis songs  backed by an orchestra. lewis capaldi loves the vamps . lewis capaldi is a fan of the vamps  as bass guitarist connor ball claimed the scottish singer came up to them and began singing the lyrics to one of their lesser known album tracks. people . kim kardashian west ended her marriage to kanye west because she wanted to experience total happiness . people . jessica simpson posts heartfelt tribute to eric johnson on social media . jessica simpson has heaped praise on her husband via an emotion filled instagram post. sophia bush plans to reclaim one tree hill through new podcast . sophia bush wants to reclaim one tree hill with her new podcast  which she will head up with hilarie burton morgan and bethany joy lenz. andy cohen issues appeal for missing school friend . andy cohen is asking for help finding his missing high school friend who has n t been seen for two weeks. people . sophia bush wants to reclaim one tree hill with her new podcast  which she will head up with hilarie burton morgan and bethany joy lenz. people . andy cohen issues appeal for missing school friend . andy cohen is asking for help finding his missing high school friend who has n t been seen for two weeks. ellie goulding invests in hard seltzer brand . ellie goulding has acquired a significant stake in served  a hard seltzer brand she immediately fell in love """
weather,"paris searing unrelenting heat scorches large swathes of the earth killing millions who have no means to escape. shade is useless and shallow bodies of water are warmer than the blood coursing through people s veins. this is a scene from a new sci fi novel but the suffocating horror it describes may be closer to science than fiction according to a draft un report that warns of dire consequences for billions if global warming continues unchecked. earlier climate models suggested it would take nearly another century of unabated carbon pollution to spawn heatwaves exceeding the absolute limit of human tolerance. but updated projections warn of unprecedented killer heatwaves on the near horizon according to a 4000 page intergovernmental panel on climate change ipcc report seen exclusively by afp before its scheduled release in february 2022. the chilling report by the un s climate science advisory panel paints a grim and deadly picture for a warming planet. if the world warms by degrees celsius degrees above today s level 14 percent of the population will be exposed to severe heatwaves at least once every five years a significant increase in heatwave magnitude the report says. going up half a degree would add another billion people. it s not just thermometer readings that make a difference heat becomes more deadly when combined with high humidity. it is easier in other words to survive a high temperature day if the air is bone dry than it is to survive a lower temperature day with very high humidity. that steam bath mix has its own yardstick known as wet bulb temperature. experts say that healthy human adults cannot survive if wet bulb temperatures tw exceed 35 degrees celsius even in the shade with an unlimited supply of drinking water. when wet bulb temperatures are extremely high there is so much moisture in the air that sweating becomes ineffective at removing the body s excess heat said colin raymond lead author of a recent study on heatwaves in the gulf. at some point perhaps after six or more hours this will lead to organ failure and death in the absence of access to artificial cooling. we ve already seen the impact of deadly humid heat at far lower thresholds especially among the elderly and infirm. and the 2003 heatwave that killed more than 50000 people in western europe registered wet bulb temperatures only in the high 20s. blistering heatwaves across the northern hemisphere in 2019 the second warmest year on record for the planet also caused a large number of excess deaths but wet bulb data is still lacking. research from the institute for health metrics and evaluation ihme reports just over 300000 heat related deaths worldwide from all causes in 2019. some 37 percent of heat related deaths just over 100000 can be blamed on global warming according to researchers led by antonio gasparrini at the london school of hygiene tropical medicine. most of these deaths were probably caused by heat stroke heart attacks and dehydration from heavy sweating and many could likely have been prevented. cities at risk . in half a dozen countries brazil peru colombia the philippines kuwait and guatemala the percentage was 60 percent or more. most of these deaths were probably caused by heat stroke heart attacks and dehydration from heavy sweating and many could likely have been prevented. dangerous spikes above 27 degrees celsius tw have already more than doubled since 1979 according to raymond s findings. his study predicts wet bulb temperatures will regularly exceed 35 degrees celsius tw at some locations in the next several decades if the planet warms degrees above preindustrial levels. human activity has driven global temperatures up degrees celsius so far. the 2015 paris agreement calls for capping the increase at well below two degrees celsius and degrees if possible. even if those targets are met hundreds of millions of city dwellers in sub saharan africa as well as south and southeast asia will likely be afflicted by at least 30 deadly heat days every year by 2080 the ipcc report says. in these regions the population of cities is growing dramatically and the threat of deadly heat is looming said steffen lohrey lead author of a study still under peer review cited in the report. his calculations lohrey added do not even take into account the so called urban heat island effect which adds degrees celsius on average during heatwaves compared to surrounding areas. heat absorbing tarmac and buildings exhaust from air conditioning and the sheer density of urban living all contribute to this increase in cities. sub saharan africa is especially vulnerable to lethal heatwaves in large part because it is least prepared to cope with them. both real world observations and climate modelling show sub saharan africa as a hotspot for heatwave activity said luke harrington a postdoctoral researcher at the university of oxford s environmental change institute. in central china and central asia meanwhile extreme wet bulb temperatures are expected to approach and possibly exceed physiological thresholds for human adaptability the ipcc warns. the mediterranean is also vulnerable to deadly incursions of hot weather. in europe up to 200 million people will be at high risk of heat stress by mid century if the world warms up to two degrees celsius until 2100 the report says. crucial to mortality rates is the ability of the population to adapt explains jeff stanaway a researcher at ihme. there is a greater sensitivity to heat in western europe than in north america he told afp. that s because in north america everyone has air conditioning and well insulated modern buildings. it s just a difference in infrastructure. but as with so many climate change impacts the effects of heatwaves are not felt evenly by all. in some developing countries economic development is not keeping up with the cost of cooling the population exposing a race between warming and the capacity to adapt to it. one researcher has dubbed this the global cooling gap . a study of adaptation techniques in the vietnamese capital hanoi found that many people do n t use the air conditioners in their bedrooms because they cost too much to run. some wrap themselves in wet sheets before they go to sleep instead. ultimately high heat will destroy more lives indirectly rather than by reaching levels at which the body simply shuts down the ipcc report suggests. higher temperatures will spread disease vectors reduce crop yields and nutrient values slash labour productivity and make outdoor manual labour a life threatening activity. experts say the worst impacts could be avoided if global warming is capped as close to degrees celsius as possible in line with the paris agreement. but even then with temperatures rising twice the global average in many regions some severe impacts are baked in. "" "
sport,"lucas mckenna jarod white marla warrior. pictured are the salamanca high school class of 2021 senior athlete award winners. from left ryleigh john coaches award trevor ellis roger crandall warrior pride award lucas mckenna louis foy male co athlete of the year harry nelson baseball award jarod white louis foy male co athlete of the year marla warrior anita oyler female athlete of the year maeghan collins roger crandall warrior pride award hayli wilson coaches award . missing from the photo was amos whitcomb coaches award . amos whitcomb won a coaches award as part of the salamanca high school senior athletic awards. lucas mckenna and jarod white were named co winners of the louis foy male athlete of the year while marla warrior won the anita oyler female athlete of the year. the school s athlete of the year awards are named in memory of foy a longtime salamanca athletic director and multi sport coach and oyler a pioneering girls sports coach and phys ed teacher. mckenna played four varsity sports this year football basketball baseball and lacrosse. he also won the harry nelson baseball award presented by coach mcauley. mckenna was a first team selection in the class d football league at safety a starter and captain in basketball and a key baseball starter at pitcher or shortstop. white played football basketball and lacrosse. he was a second team olean times herald big 30 all star in basketball and made first team all league in both football and basketball including winning section 6 class d co lineman of the year in football. he is also a goalie for the league champion salamanca boys lacrosse team. warrior played five different sports as a senior soccer basketball volleyball lacrosse and track and field. she is currently tied for the lacrosse team high with classmate ryleigh john with 51 goals. she was a second team league all star in soccer all league honorable mention in basketball and a sectional qualifier this year in the long jump. also named were two roger crandall warrior pride award winners and three coaches awards. trevor ellis won the warrior pride honor for his efforts in football and wrestling while maeghan collins won the same award for tennis bowling and golf. the coaches awards presented for perseverance leadership and team spirit went to three additional multi sport athletes amos whitcomb football lacrosse hayli wilson soccer track and field ryleigh john soccer lacrosse . """
disaster,"contrast security announced the release of contrast scan that revolutionises static application security testing sast with pipeline native static analysis to analyse code and detect vulnerabilities early on in the software development life cycle sdlc . the release of contrast scan extends the devsecops capabilities of the contrast application security platform to the entire sdlc empowering security teams to run scans up to 10x faster and remediate vulnerabilities up to 45x faster while meeting compliance requirements of an organization s security policy. incumbent legacy static approaches employ noisy rule sets to look for code quality issues. this outside in approach generates immense volumes of security findings that become increasingly more time and resource intensive to manage. this is exacerbated due to the number of distracting false positive alerts that kill productivity upwards of 85 in many instances. for newer developer friendly code scanning tools application security shifts left too far exacerbating the problem of false positives and leaving developers with no context on prioritisation or how to fix guidance. in response two thirds of practitioners who rely on legacy static scanning indicate they are looking for a different approach to application security. contrast scan aims to solve these challenges with a pipeline native approach that achieves dramatic improvements in speed accuracy and developer experience accelerating digital transformation by removing inefficiencies and roadblocks that slow release cycles. installing contrast scan on devsecops . contrast scan is quick and easy requiring zero configuration and literally three clicks to get findings . onboarding with contrast scan is quick and easy requiring zero configuration and literally three clicks to get findings. further as contrast scan is integrated as part of the contrast application security platform organisations have a unified developer friendly view of vulnerabilities and attacks with harmonised security profiles across sast interactive application security testing iast runtime protection and observability and software composition analysis sca all in one devsecops platform. key benefits of contrast scan include . 1 results that matter delivered 10x faster . as a result based on real world scan results contrast scan can shrink the amount of time to run scans by 10x. faster scans remove devops security roadblocks that slow innovation improve the efficiencies of security and development teams and reduce the operating expenses opex of scanning. when used in concert with the broader set of capabilities in the contrast platform contrast scan accelerates remediation times by an astounding 45x. this is achieved by enabling developers to focus on exploitable flows prioritize routes with entry points based on runtime and production traffic analysis and leverage actionable remediation guidance. all of this pays down security debt which results in reduced application security risks. 3 30 improvement in application security efficiencies . contrast s comprehensive devsecops approach bakes security into rapid release cycles that are typical of modern application development and deployment environments. it also offers complete coverage of the devsecops life cycle with application tools optimised from build to production. this streamlines compliance reporting often shrinking the time to demonstrate security policy compliance from days to minutes. contrast scan is a game changer for both application security and application development teams today s organisations should not be forced to choose between speed and security. with the addition of contrast scan the contrast application security platform now offers a path to devsecops that allows organisations to secure any application anywhere from a developer s desktop at a release gate or in instances of production. the contrast platform was purpose built to deliver true devsecops with sca application security testing ast and exploit prevention capabilities using instrumentation across the entire sdlc. contrast scan is a game changer for both application security and application development teams said steve wilson chief product officer at contrast security. it allows teams to get unprecedented observability into their applications threat landscape early in the development life cycle without all the noise of traditional static scanning tools. this means organisations applications will remain more secure while enabling them to maintain the agility of their development teams. """
humanInterest,"window boxes are a blank slate for you to design and plant in. miranda crowell tribune content agency . window boxes give gardeners an affordable outlet to do what they love most experiment. known as one of the first living walls window boxes have been a longtime favorite of gardeners. window boxes continue to be a popular landscape element today and often stand in for front yards at homes that open to the sidewalk. although there is a lot of creative freedom with planting window boxes there is a right way to do it. window boxes show off the wide range of possibilities a few feet of soil can offer so use our tips to create a floral creation of your own. here s how to plant a window box . the first step is to choose your box and where you want to hang it. don t underestimate how heavy a window box can be it is filled with soil and plants and gets even heavier when watered. we recommend buying a sturdy box made of a hardwood like redwood or cedar rather than pine which rots quickly and then securing the box with a window box bracket. always make sure your window box has drainage holes. to aid drainage place 2 inches of nonbiodegradable packing peanuts or old wine corks in the bottom of the box and then cover with landscape fabric to prevent soil from seeping out. next fill the box halfway with potting soil and add your plants. make sure your plants are placed a few inches apart to give them room to fill out. if you want immediate impact you can plant closer of course but know that you will need to pinch or prune your plants to prevent overcrowding. once your plants are in place fill in the gaps with more soil and lightly pat down around the plants. as with all container plantings choose plants with similar water and light needs and expect to water them more often than those in the ground. water thoroughly once the soil has dried out. selecting plants for your window box . most successful window boxes contain a mix of these three primary plant types. these are some of our favorites in each category. they are your hero plants the ones that command attention and drive the rest of the design. katrina african iris exotic flowers top long spiked leaves. sallyfun deep ocean salvia fragrant and a butterfly magnet. frydek alocasia big emerald green leaves anchor a tropical look. kong red coleus massive upright leaves prefers shade. neon pothos chartreuse leaves are like rays of sunshine. blanket white petunia fast grower with cottage charm. angelina sedum foolproof plant with fleshy yellow leaves. ivy league deep pink geranium flowers spring through summer. midsize plants bridge the space between thrillers and spillers. aaron caladium white center leaves look bright and fresh. pink splash polka dot plant foliage as impactful as any flower. mango tango agastache peach color flowers go with everything. impreza violet impatiens tidy mounds of long blooming flowers. 5 things to remember when planting a window box . 1. use repetition in your planting. repetition is a foolproof way to create a cohesive look in a window box. try planting a 15 foot long box with repeating groups of ivy ball topiary chartreuse coleus and white caladium for a sense of flow and order. 2. choose a focal point. choosing the centerpiece first means the rest of your plant picks will fall into place. for example start with a lemon cypress topiary. use coleus to bridge the colors of the foliage and the brick and creeping wire vine to loosen the design. 3. think about texture. an arrangement can achieve masses of texture by mixing wispy purple fountain grass croton and spilling sweet potato vine. the form differences ensure each plant stands out even though the box is tightly packed. 4. take cues from the landscape. for a garden door container red orange copperleaf and variegated sea hibiscus tie into the color of a nearby japanese maple. it s filled it out with english ivy which also grows in the backyard plus spanish moss. try choosing a single color palette for plantings all around your house. one window box planting uses green and white with hints of yellow. if your window box hangs near an outdoor dining table tuck in fragrant herbs like thyme oregano and mint as fillers. as long as you remember to include a thriller spiller and filler that all have the same light requirements you can assemble a full colorful window box. keep garden design elements in mind on a smaller scale and give your box plenty of water to keep the plants happy all summer long. here s what to consider before you purchase string lights for your patio including recommendations on some string lights to try. it s a seller s market in real estate which means that buyers have much to feel anxious about. but sellers have reasons to lose sleep too. what if they make an . it s a seller s market in real estate which means that buyers have much to feel anxious about. but sellers have reasons to lose sleep too. what if they make an . recently a 75 year old man submitted a question on the ask tim page at i get quite a few each week and answer each one. this particular question put a huge smile on my face because it screamed attitude. q i purchased a home last year during covid 19. prior to purchasing the home the real estate agent s listing sheet showed that the property was going to be split in two. the listing contained a suggestion to see the property marker where the surveyor left a stake to show the property line division. just like technology and fashion cleaning best practices and household cleaning products change over time thank goodness right fortunately we re not all still hand washing every piece of laundry. that s not to say some tried and true originals aren t still gems but naturally over time our cleaning techniques and solutions have gotten safer and more efficient. so once we know better we can do better. here are some antiquated cleaning rules you should feel free to break. not a week goes by that i don t get a question at the ask tim page on about cleaning this or that household surface. as it turns out i happen to know lots about cleaning things. getting ready to sell your home no matter the listing price in today s strong seller s market you may find yourself getting at least one cash offer. in march 2021 23 . """
disaster,"eight people including spectators were injured sunday at a texas mud racing event after an out of control vehicle plowed through a guard rail a report said. three of the victims were critically injured in the crash at a track in fabens ktsm reported citing authorities. the other five people suffered non life threatening injuries. it was not immediately known what caused the driver to exit the track and crash. three other vehicles were also hit the report said. """
other,"kai india a global name in the personal care segment today launched its digital campaign choice is yours with the popular bollywood actor yami gautam. the campaign launched as a digital video commercial dvc a week after international women s day acknowledges and supports the women s decision to live their dreams in the way they choose. choice is yours encourages women to break free from the limited number of roles the society has defined for them highlighting examples of a homemaker a bride and an aspiring boxer that sends a clear message encouraging a woman s right to choose and exemplify the inner strength that enables her to surpass the limitations imposed. the kai india portfolio offers a wide range of products for women s grooming and beauty needs to help her present herself as a confident individual. among other things the campaign will have special focus on kai s range of female razors namely k5 ease can face and can eyebrow razors including bi hada face razor and bikini line trimmer razor. the products are available at leading e commerce platforms and retail stores across india. talking about the campaign mr rajesh u pandya managing director kai india says to the modern woman the opportunity to make a choice is of utmost importance whether it is about the subject she wants to study or the way she wants to dress or the life she chooses for herself. the kai india campaign essentially celebrates this idea of freedom and empowerment of women by offering her the choice of beauty and grooming products. a woman is beautiful always we must respect her preference. kai stands for care and superior quality of products that bears the hallmark of an 800 year old legacy of fine craftsmanship. our range of products for women cater to all that they need. yami gautam is not only a powerful actor but a well known face across the country. with this association kai intends to communicate with every woman in the country and extend support towards her choices. popular playback singer shibani kashyap has lent her voice to the dvc. the campaign is conceived and executed by blue frog a leading digital and creative agency based in delhi. """
disaster,"fahsai 2 enhanced city air purifier tower at phayao seen as key to cleaner air . research innovation for sustainability center risc under magnolia quality development corporation limited mqdc is working with the university of phayao s innovation and technology transfer institute faculty of engineering and school of public health to expand its city level air purification tower in the region. their imminent launch of fahsai 2 at phayao thailand s third fahsai sky clear and the first in the region is set to alleviate atmospheric dust in phayao province. risc is researching under its sustainnovation principle for the well being of all life with the institute of innovation and technology transfer faculty of engineering and school of public health of the university of phayao to launch the second version of our hybrid automated city level air purification tower fahsai 2 as phayao s first urban air purifier tower said assoc. prof. dr. singh intrachooto chief advisor to research innovation for sustainability center risc by mqdc. besides tackling air pollution especially dust the installation will filter germs from the air. phayao is among the top 3 northern provinces for dust mainly from open air burning of biomass. has risen in recent years to over 500mg cubic metres in burn off areas and downwind. breathing fine particulates can greatly harm the respiratory system and lungs causing high blood pressure heart disease and strokes. children pregnant women older adults and people with medical conditions are at especially high risk. risc wants to support innovation to improve air quality in the north said prof. dr. singh. we are committed to studying particulates and working with partners to reduce air pollution in both cities and rural areas. fahsai 2 at phayao can purify and disinfect air to reduce the problem of particulates in the north with phayao as the pilot province. the project includes cooperation in air quality research to understand particulate matter which may differ between areas because of where the dust originates. research can develop and spread new knowledge for many areas. assoc. prof. dr. supakorn pongbangpho chancellor of the university of phayao commented that the university of phayao is delighted to help drive the reduction of which harms health and develop research with risc by mqdc with the first innovative hybrid city class air purification tower in the north addressing air pollution and particulates. the school of public health and the faculty of engineering with risc are jointly studying air quality health impacts protection from smoke particles and air quality data to research particulates around the university campus and the area near fahsai 2 at phayao to create a digital dust database together. fahsai 2 at phayao a city level air purification tower uses the same automatic air purification technology as fahsai 2 at the airport rail link at makkasan station in bangkok. the hybrid air purifier tower combines energy from its solar panels with mains power to reduce its daytime electricity demand and achieve environmental and sustainability goals while enhancing well being. representing further development from the first generation of fahsai the device has an enhanced ability to kill bacteria fungi and viruses using uvc and ozone. the air purifier tower s capacity has also been enhanced with four larger fan blades each moving 30000 cubic metres hour up from 15000 for a total of 120000 cubic metres hour to serve an area approximately the size of a soccer pitch. to facilitate access and reduce construction costs the device has been compacted to metres in height with a base metres wide. the outflow has been redesigned to prevent reverse airflow. a new design for the moisture trap prevents water spray being blown out. adjustable solar panels control the direction and force of clean air at an effective level that travels further. the solar panels can be adjusted according to sunlight. they unfold during the day and close at night when lighting comes on to enhance safety. the first generation fahsai city level air purification tower was installed at 101 true digital park in 2020. risc launched the second generation fahsai 2 in early 2021 at makkasan airport rail link station to help solve the problem of air pollution especially dust and airborne germs in the city. the ongoing project aims to help tackle air pollution in many areas of the country where it is most needed. """
unrest,"ulster s men of violence don t give a damn about highfalutin fancy language about words like backstop and protocol . they don t care what heads of state say. they pay no heed to the tory party middle england brussels or washington. for the past few days eyes were fixed on cornwall and the g7 on the chaotic diplomacy between britain europe and america over the issue of northern ireland and the border. wrong cast of characters. we should be looking at what s happening in belfast because very soon events there could run terrifyingly out of control. the men of violence have itchy trigger fingers. ulster s season of killing isn t long over. peace only came in 1998. it s been fragile as eggshell ever since. there s masked men on the streets of northern ireland now. not the masks you wear the ones to keep you safe from covid. but the masks that are put on when someone wants to put a bullet in another s head. last thursday there were men in balaclavas parading down the loyalist shankill road protesting against the northern ireland protocols . fancy language again for the border that now sits in the irish sea as a consequence of brexit. the protestors enemies are boris johnson and the tory government who they see as betraying them president joe biden seen as an irish republican sympathiser the dup who they blame for colluding in their betrayal the eu and of course dublin. in the minds of ulster s loyalists their backs are to the wall. anyone who understands irish history knows what happens when ulster loyalists feel their backs are against the wall. there s much talk of coming violence. summer has just started. the marching season looms. many have died over the years in the north in the heat of july when the blood is up and the blood is up now among loyalists. one masked man said before a crowd in belfast our british sovereignty and status within the united kingdom is in its greatest danger since the state of northern ireland was created 100 years ago. these are frightening ominous words. a wheelchair bound man set light to a united ireland sinn fein banner. he s joe coggle 63 who served 18 years in the maze prison for plotting murder during the troubles. he believes violence may return. if that s the way it has to be then that s how it ll be he said. the unionist and loyalist unified coalition says people of our generation didn t go to jail and fill the graveyards to see sinn fein rule the country and our sovereignty shredded. davy jones who was a significant player as a spokesman for the orange order during the notorious drumcree protests said the question is how long will the protests remain peaceful because the impression given by governments over the years is that violence pays. instead of focusing on the terrifying deterioration of peace in northern ireland the uk as ever looks in the wrong direction. the media fixated on the tiff between johnson and emmanuel macron. the french president was accused of saying ulster wasn t part of the uk. foreign secretary and former brexit secretary dominic rabb who once disgracefully admitted not fully reading the good friday agreement declared macron offensive . macron insisted he never questioned the integrity of british territory . johnson made a big deal out of northern ireland being part of one great indivisible united kingdom . this is the same johnson who today claims that none of the threats to peace in ireland through brexit were previously laid out . he s either stupid or a liar or both. we d years of warnings that england s brexit fantasy would put peace in ulster on a sacrificial altar now it s happening. to add to instability in the north of ireland the country faces a leadership crisis not that there ever was much leadership at stormont. the departure of arlene foster as first minister has split the dup. there s ugly sectarian disputes over irish language legislation. just when it s needed most leadership in ulster is at its weakest. lurking in everyone s mind in the north is the prospect of a future border poll and what horror might be unleashed. it s hard to see a good way out of this. the options seems bleak if johnson does as he s threatened to do and suspends the protocols he risks not only a trade war with europe but the implementation of a hard border across ireland. that would bring the ira s men of violence to the fore. if johnson however abides by the eu s rules then the threat of loyalist violence simply grows stronger with every passing day. nobody is helping. northern ireland feels alone in what it is now facing. the eu france america britain and ireland all are focused on the minutiae and rules of diplomacy. right now it doesn t matter that truth may lie with the eu that johnson s a charlatan who cut a deal and now won t stick to it. what matters is that no more mothers cry over coffins that no more people end up with bullets in their brains. read more we must not risk a brexit which could unleash northern ireland bloodbath . ulster has a savage capacity for violence. i lived through the troubles i reported on the terror. we kill our neighbours. that s what we do when politics goes wrong and politics is going very wrong very quickly today in the north of ireland. it feels like there s no solution no escape hatch now as history catches up once more with the people of northern ireland. i fear for my country. it cannot endure again what it went through so recently. it will break the country it will break the people. it would break me i could not bear to once more report on the slide into anarchy and murder in my homeland. with biden distrusted by loyalists bring in some other external party as an honest broker the un even for pity sake. act now before ulster starts to bleed again. our columns are a platform for writers to express their opinions. they do not necessarily represent the views of the herald . "" "
health,"warsaw poland ap an official in poland said wednesday that the health of a polish minority leader being held in a belarus prison has deteriorated and that authorities are not allowing her to leave for poland. andzelika borys 47 is the head of a polish minority organization in belarus that cultivates polish culture and tradition. it is critical of authoritarian president alexander lukashenko and is not recognized by the authorities there. borys and four other members of the union of poles in belarus were imprisoned in march in a crackdown on ethnic poles amid rising tensions with poland which backs sanctions against lukashenko s regime. the official agnieszka romaszewska guzy the head of polish state funded belsat tv which broadcasts independent news into belarus said wednesday that borys health has worsened. worrying news . especially regarding borys health which visibly worsened in prison romaszewska guzy said on twitter. romaszewska guzy added that according to her information borys has agreed to leave for poland but the authorities have delayed that. three other minority women activists arrested this year have been released and brought to poland in may as a result of poland s diplomatic efforts. they described conditions in the prison as harsh. """
labour,"istanbul june 11 xinhua unemployment in turkey has increased to its highest level since july last year amid the covid 19 pandemic with the young generation being most affected according to official data published on thursday. the data by the turkish statistical institute turkstat showed the unemployment rate reached percent in april up percentage points from the previous month and the number of the unemployed increased to million. youth unemployment for people aged between 15 and 24 increased to percent in the same month one of the highest in european nations. in an attempt to curb the increase in unemployment the government has barred companies from laying off workers during the covid 19 pandemic. but businesses responded by the simple expedient of placing employees on unpaid leave. after all the ban itself is due to expire at the end of this month and economists expect a further rise in unemployment in the months to come. even though the ban on dismissal limited the increase in rates there was an expansion compared to the previous month and the same period of the previous year enver erkan chief economist at istanbul based tera securities told xinhua. after the end of employment support we may see further increases in unemployment rates he said. the search for jobs is significantly painful for younger generations especially during the covid 19 lockdowns when recruitment processes froze and young people could not join internship programs. gokhan turesen 23 has a degree in economics from a university in the capital ankara but he has failed to secure a job for a full year now. the search for a job has affected my mental health. i have to continue living with my parents in ankara for an unforeseeable period or accomplish my military service if i do n t find a position soon he told xinhua. the jobs i managed to find in the past year offered miserable wages as employers were trying to exploit the young during the pandemic he deplored. """
sport,"adam as marketing and promotions specialist for nordica and rollerblade canada. adam will work directly with sam beck nordica north america director of marketing and communications and stephen charrier vice president and director of global sales and marketing for rollerblade. he will also work closely with beck and charrier building and maintaining nordica and rollerblade s consumer service platforms and organizing and executing all of nordica and rollerblade s national and regional trade shows. adam will also oversee and support the nordica pro and race community. julien s forward looking enthusiasm energy and desire to work collaboratively is what caught our attention said beck. with a background in outdoor retail marketing ski racing skating and an adventurous spirit he ll be able to successfully serve retailers and consumers. tecnica group s portfolio includes tecnica ski boots and footwear nordica skis and ski boots moon boot footwear lowa hiking and outdoor boots blizzard skis and rollerblade in line skates. """
lifestyle,"national hockey league north american 69 economy business and finance tourism and leisure casino and gambling 51 nhl draft lottery blackhawks odds to land no. 1 pick originally appeared on nbc sports chicago . the blackhawks will officially know where they ll be slotted in the 2021 nhl draft by the end of the night. the lottery show starts at 6 on nbcsn. to recap here s a look at chicago s odds and where they re most likely to end up . 1 overall percent . 2 overall percent . 11 overall percent . 12 overall percent . 13 overall percent . the arizona coyotes technically have the 11th best odds but forfeited their pick for violating the nhl combine testing policy. the blackhawks have a percent chance of landing a top 2 pick and percent chance of securing the no. 1 overall selection. for reference they had an percent chance of jumping inside the top 3 in 2019 when they moved from 12 to 3 where they took kirby dach. it s highly unlikely the blackhawks will jump up but anything is possible in chicago which saw the bulls lock up the no. 1 overall pick in 2008 derrick rose after having only a percent chance to do so and the blackhawks land the no. 1 overall pick in 2007 patrick kane after having an percent chance. click here to subscribe to the blackhawks talk podcast for free. """
crime,"bloomberg an influential group that sets widely followed tax reporting standards for major commodities suppliers in 55 countries will meet privately on wednesday to discuss removing an exxon mobil corp. representative from its board. the extractive industries transparency initiative will look into a complaint that matthew gobush a government relations executive at exxon and its representative at eiti s board lobbied against the very standards the organization defends people familiar with the matter said declining to be named because the procedure is confidential. publish what you pay an advocacy group that has supported the eiti since 2003 filed the complaint and is threatening to pull out of the organization should it not take appropriate action. exxon is threatening to make a mockery of the eiti and discredit the entire initiative kathleen brophy director for publish what you pay said in a statement. if its complaint doesn t result in action the advocacy group will express a vote of no confidence in the eiti board and encourage all civil society groups to do the same. meanwhile the eiti is facing calls to beef up its requirements for member companies a third of whom fail to uphold the body s own standards. also see exxon activist expands boardroom presence with third seat . exxon a founding member of the eiti said it s aware of the complaint and offered to discuss it with publish what you pay. the complaint lacks merit on procedural and policy grounds and should be dismissed the oil giant said adding it supports the need for relevant public and private company government payment disclosure. publish what you pay accuses gobush of failing to uphold eiti principles when he attended meetings alongside lobbyists from the american petroleum institute and others last year when the securities and exchange commission was developing rules on how natural resource companies should disclose payment to governments. as an eiti board member gobush should uphold its principles of promoting tax transparency according to the complaint. the eiti declined to comment on the case because it concerns an individual board member spokeswoman joanne jones said in a statement. we are still following our internal processes regarding the matter she said. the complaint against gobush is a symptom of a wider frustration that advocacy groups and some of eiti s 55 member countries have had with the organization for many years. it was set up in the early 2000s to develop a global tax and royalty disclosure mechanism to increase payment transparency and help root out corruption in the natural resources industry. but campaigners accuse exxon and other american oil companies including chevron corp. of lobbying against the eiti s standard while also enjoying the reputational benefits of being a member. last year the sec invited the public to comment on its rules for section 1504 of the dodd frank act which governs how natural resource companies disclose payment to governments. exxon s gobush attended five meetings with the sec alongside lobbyists from the american petroleum institute and the chamber of commerce according to public records. in one of the meetings he was listed as an api representative. while many other oil company staffers attended the same meetings publish what you pay has seized on gobush because he is also an eiti board member. the api and chamber both publicly recommended a weaker implementation of the rule than the eiti s standard suggesting that the sec only publish anonymous aggregated money flows to governments rather than the eiti s favored approach of granular payments from individual companies and projects. by contrast bp plc bhp group plc and totalenergies se recommended that the sec implement tougher rules closer to the eiti standard. exxon didn t submit a formal written comment as part of the process. exxonmobil is committed to advancing the cause of transparency at eiti and at the sec the company said. our board member faithfully represents the company in upholding our commitment. staff participated in meetings with securities and exchange commission s staff on behalf of the company and not on behalf of other organizations as did other companies that belong to eiti. in the end the api and chamber s lobbying was largely successful and the final rule was published in december last year in the final days of the trump presidency. it was criticized by some senators for falling short of eiti standards and not requiring project by project disclosure. if exxon s lobbyist doesn t support transparency he must be kicked out of eiti said daniel mule of oxfam which has collaborated with the organization for more than a decade. if the board doesn t hold exxon and its representative to account it will make a mockery of the eiti. the eiti has been successful in helping implement transparent granular tax disclosures from natural resource companies in the european union norway and canada as well as helping host countries develop rigorous financial reporting frameworks. but it received a big setback in 2017 when president donald trump withdrew the as an implementing country. now the focus is on whether the eiti s member companies actually support the organization s standard. some 30 of supporting companies fail to adequately disclose their payments in non eiti countries and do not explain why the body said in a june 11 blog post announcing the results of a review. the disclosure gaps highlighted in the review undermine the efforts of those companies which do adhere to the expectations as well as the credibility of the eiti board chair helen clark said in the post. """
weather,"the european parliament has approved a landmark law today which makes emissions targets within the european union legally binding. earlier today the uk s committee on climate change ccc said the government s lack of policies jeopardise the country s chances of meeting its net zero emissions by 2050 target. today is a historic day swedish social democrat jytte guteland parliament s lead lawmaker on the bill said. unless we rapidly cut our emissions the science is crystal clear. the future will be catastrophic. negotiators from parliament and the eu s 27 member countries reached a deal in april on the climate law which does not allow for greenwashing or embellishing climate commitments. the bill s targets look to slash net eu emissions from 1990 levels by 55 per cent by 2030 and cut all net emissions by 2050. the law which will be formally approved on monday won 442 votes in favour 203 against and 51 abstentions. some abstainers namely from the green side of the political spectrum sought a more ambitious 60 per cent emissions cut by 2030. this is the law of laws because it will discipline us in the years to come the head of eu climate policy frans timmermans said. it will also force brussels to create an independent body of scientific experts much like the uk s ccc. the scientific body will be tasked with advising climate policies and defining the total emissions the eu can produce between 2030 and 2050 to still meet its climate goals. "" "
lifestyle,"opentable launches show up for restaurants initiative to mitigate no shows and bring attention to its impact on restaurants. san francisco dining is back and people are eager to return to their favorite restaurants. according to opentable the world s leading provider of online restaurant reservations and part of bookings holdings inc. nasdaq bkng over 80 of their restaurants have reopened in the and diners at those restaurants are nearing 2019 levels 90 .1 at a time when restaurants are facing staff shortages and more financial pressure than ever they count on every diner that made a reservation to show up. when they do n t restaurants could lose their entire profit margin for that shift. to help opentable today unveiled its show up for restaurants initiative to spotlight the impact of no shows and late cancellations on restaurants and encourage diners to modify or cancel their reservation when plans change. from a four strikes and you re out no show policy and blog and social content educating diners on the impact of ghosting a reservation to a suite of tools that restaurants can use to combat no shows the initiative aims to curb this challenge as restaurants continue to recover. when a diner does n t fulfill a reservation it significantly impacts the restaurant s revenue said debby soo ceo of opentable. at opentable we believe we have a responsibility to help build awareness of this issue and leverage our technology in every way possible to reduce no show rates. opentable launches show up for restaurants initiative to mitigate no shows and bring attention to its impact on restaurants . a staggering 28 2 of americans say they have n t shown up for a reservation in the past year. what many do n t realize is that cancelling is better than simply not showing up. for example at philadelphia s blackfish restaurant if six people do n t show up for one dinner blackfish loses 5 of its income most of the restaurant s profit margin. this also does n t include the impact on food and staffing costs among other things that no shows have on restaurants since they make decisions based on reservations . do n t ghost your reservation . diners played a major role in supporting restaurants this past year from buying gift cards and merchandise to donating to employee relief funds and dining outdoors on even the coldest days. as restaurants recover the best way to support restaurants is to show up by making and keeping a reservation. if plans do change diners can also easily modify or cancel reservations through the opentable app or online by clicking on their reservation and selecting modify or cancel. opentable makes it easier for restaurants to combat no shows . to help restaurants prevent no shows opentable will launch a new tool this summer that allows restaurants to label a diner as a potential no show based on previous reservation activity. the tool allows restaurateurs to tag the diner with a new label so they can be proactive about confirming attendance with the diner as their reservation approaches. opentable s strict four strikes and you re out policy also suspends diners who do n t show up for a reservation four times. this policy is in addition to a number of features that opentable offers to mitigate no shows such as email and sms reminders prepaid experiences availability alerts customizable cancellation policies credit card required reservations holds and more. for more information about opentable s show up for restaurants initiative and the impact of no shows visit https show numbers . opentable q2 2021 diner survey methodology . opentable surveyed over 1700 adults aged 18 across the and canada between may 2 5 2021 . yougov survey methodology . opentable partnered with yougov on april 19 20 2021 to survey 1326 adults aged 18 online within the the figures have been weighted and are representative of all adults aged 18 . opentable part of booking holdings inc. nasdaq bkng powers reservations for the hospitality industry. opentable s software seats more than 1 billion people per year and helps more than 60000 restaurants bars wineries and other venues attract guests manage capacity improve operations and maximize revenue. 3 ot no show data and blackfish example pulled from blog post. opentable logo prnewsfoto opentable prnewsfoto opentable . lisa singh . """
education,"solar lights and flags now mark the spots where 751 human remains were recently discovered in unmarked graves at the site of the former marieval indian residential school on the cowessess first nation in saskatchewan on june 27 2021. montreal first nations leaders and quebec history teachers say the timing is right to reset the way indigenous history is taught in primary and secondary schools across the province. the recent discoveries of unmarked graves at former residential schools in british columbia and saskatchewan have further revealed the horrors of the colonial system and teachers say those graves have forced them to re evaluate the kind of history they are presenting to children. sarah pashagumskum chairperson of the cree school board which oversees nine communities in the northern quebec area of eeyou istchee said the discoveries offer a chance to give students a complete understanding of how quebec became the province it is today. this is more than acknowledging that there are graves found at residential schools and acknowledging how sad that is pashagumskum said in a recent interview. last week cowessess first nation east of regina announced that ground penetrating radar detected 751 unmarked graves at the former marieval indian residential school. the news followed the discovery in may of what are believed to be the remains of 215 children at another former site in kamloops jonathan st pierre a high school history teacher in rouyn noranda que. about 630 kilometres northeast of montreal says quebec tends to be cautious about depicting the province in a negative way. in the history program it s only the federal government that is responsible for the residential schools st pierre said in a recent interview. we minimize and forget that quebec was part of this too. the government the church quebecers also took part in this but the information is missing. quebec s history curriculum he adds lets teachers decide how much importance to place on indigenous history which he says results in discrepancies in knowledge about first nations peoples among quebec students. some students will hear more about indigenous culture residential schools depending on the teacher s interest in the subject st pierre said. there is room for a lot of interpretation in the curriculum. michele audette senior adviser on reconciliation and indigenous education at universite laval says the problems in quebec s history curriculum are reflected in the way indigenous history is taught to her high school children. it s not the teacher s fault she doesn t know the culture audette a former commissioner with the national inquiry into missing and murdered indigenous women and girls said in a recent interview. but that means that we either live in longhouses or we are nomadic. my children go to school and they tell me they have to talk about spirituality and they want to have fun with it but they have to stay within the restrained syllabus otherwise they will lose points said audette whose mother is innu. quebec spent million in 2018 to modify indigenous content in history textbooks. stereotypical images depicting indigenous people were replaced while biographies of indigenous historical figures were added. but the curriculum only mentions residential schools in passing. one brief passage states compulsory attendance at residential schools designed to propagate judeo christian culture and assimilate indigenous peoples into the rest of the canadian population helped accelerate the decline of certain indigenous languages and weaken the social fabric in a number of communities. there s been many redraft s and discussions in the past years in quebec pashagumskum said referring to the primary and high school history curriculums but these have resulted in fairly cosmetic change. quebec indigenous affairs minister ian lafreniere said more reforms to the history courses are underway. it is an important time to rebuild it and find what is missing and be reassured in terms of the curriculum and training at school it will be improved he said in a recent interview. but lafreniere provided no detail about the changes or offered a timeline regarding when they would be implemented. the education department meanwhile didn t respond to repeated requests for comment. jonathan cloutier a history and geography high school teacher in charlevoix que. north of quebec city says some of his students initial knowledge about indigenous history comes from their parents which he said can be tinted with negative perceptions. cloutier says not only does the history program need a reset but the entire school curriculum should be reviewed in collaboration with indigenous leaders. these are stories worth telling by the actors involved cloutier said in a recent interview. it s colonialism to tell a story that is not our own. indigenous voices pashagumskum said need to be brought to the forefront of teaching history in the province in order to move past racist stereotypes and misconceptions. when we teach our history to our children with our own voices and our own stories we show that the colonial project has not succeeded and that we remain strong pashagumskum said. it allows us to move our students toward a forward looking and more empowered state where they are fully informed about their past and how their present has been constructed. """
crime,"antivirus software entrepreneur john mcafee has died at the age of 75. according to spanish language publications el mundo and el pais police found mcafee dead in the barcelona prison cell where he was awaiting extradition to the us. a spokesperson for the catalan justice department has since confirmed the death to reuters. the reports indicate that authorities believe he committed suicide but the cause of death has not been officially determined. spanish authorities arrested mcafee at barcelona airport in october 2020 following an indictment from us federal prosecutors on allegations of fraud and money laundering as well as tax evasion charges linked to his failed bid to run as the libertarian party candidate in the 2020 us presidential election. mcafee allegedly failed to file tax returns for four years between 2014 and 2018 despite earning a considerable income from a variety of sources including from money he made promoting cryptocurrencies and selling the rights to his life story for a documentary. while he s best known for the antivirus software that carries his name in more recent years mcafee has mostly garnered media attention for his erratic behavior. in 2012 while he was living in belize at the time he was accused of paying a hitman 5000 to murder his neighbor. more recently authorities in the dominican republic arrested mcafee on suspicion of travelling on a yacht loaded with high caliber weapons and other military equipment. there is much sorrow in prison disguised as hostility mcafee recently wrote on his twitter account. i m old and content with food and a bed but for the young prison is a horror a reflection of the minds of those who conceived them. """
economy,"the cost of obtaining a fitness renewal certificate for transport vehicles older than 15 years is set to go up from five to 62 times as the centre proposes to make it tough for older vehicles to ply on roads. the transport ministry has issued draft re registration and fitness renewal charges for personal and commercial vehicles as part of the long awaited scrapping policy. the basic idea is re registration charges have been increased . 15 days trial includes docubay and timesprime membership. 150 month . 15 days trial includes docubay and timesprime membership. sharp insight rich indepth stories across 20 sectors . access the exclusive economic times stories editorial and expert opinion . """
social,seconds of summer frontman luke hemmings is engaged to his long term girlfriend sierra deaton . 5 seconds of summer frontman luke hemmings has announced his engagement to long term girlfriend sierra deaton. the singer and guitarist 24 shared the news on instagram on tuesday posting a gallery of photos from the moment he proposed. the western sydney native actually popped the question months ago but waited until this week to share the news publicly with fans. 5 seconds of summer frontman luke hemmings has announced his engagement to long term girlfriend sierra deaton. the singer and guitarist 24 shared the news on instagram on tuesday posting a gallery of photos from the moment he proposed . luke captioned the post with shaking hands but a full heart i proposed to my best friend earlier this year. i love you thao and i ca n t imagine my life without you. while he did n t reveal details of their engagement sierra said they had celebrated vietnamese new year together hinting luke may have proposed on february 12. in love the western sydney native actually popped the question months ago but waited until tuesday to share the news publicly with fans . lovers while he did n t reveal details of their engagement sierra said they had celebrated vietnamese new year together hinting luke may have proposed on february 12 . it was fun keeping this a secret for so long but my heart is nearly bursting at the seams. ca n t wait for forever she told her instagram followers. sierra who rose to fame after winning the american version of the x factor in 2013 also shared the same gallery of engagement photos with her fans. the lovebirds have been dating since february 2018. stateside luke who grew up in sydney s western suburbs lives in los angeles with his 5 seconds of summer bandmates. pictured on stage in sydney on february 16 2020 . sierra previously described her partner as the most kind hard working funny talented and sexy man in the world. luke previously said 5 seconds of summer s 2020 song not in the same way was about sierra. happy in love luke has been dating the x factor star sierra 30 since february 2018 . 
environmental,"netflix s revelatory sweet tooth takes all the nightmarish what ifs that have rendered us sleepless for more than a year and turns them into a vivid escapist fantasy series that pits darkness and despair against innocence and hope then dresses it up in antlers. narrated by josh brolin and executive produced by susan and robert downey jr. the streamer s latest which premiered last week is adapted from the dc comic book series of the same name by jeff lemire. the comic has been described as a cross between mad max and bambi which is also a fine way to frame this delightfully feral eight part series created by jim mickle. i know anything involving face masks and quarantining seems like the last thing you d want to watch now but sweet tooth takes us places far more beauteous exciting and bizarre than real life lockdown and more importantly offers an escape from our own abnormal norm in the form of a quirky well told story about a deer boy. he s part of a new phenomenon that arrived with the sick an inexplicable baby boom of half human half animal newborns some with wings others with hooves. a politically motivated theory arises that the hybrids are responsible for the plague they aren t so a bounty is put on the heads of the poor animal children who are hunted by power drunk general abbot neil sandilands and his army the last men. the hybrid we follow is gus a scrappy yet innocent wild child played by talented newcomer christian convery. he s been sheltered from the ravages of the end times while living deep in the forest with his protective father will forte but when circumstances force him to venture into the outside world he befriends the fierce jaded loner jepperd nonso anozie . their search for lost family takes them on a journey across the post apocalyptic west where nature has reclaimed most of the land from yellowstone national park to urban centers. the landscape is full of decaying and natural beauty as well as kindness and treachery. other characters include dr. singh adeel akhtar who lives in a suburb with a terrifyingly ardent neighborhood watch and social shut in turned freedom fighter aimee dania ramirez who adopts a hybrid pig baby and takes up residence at the old zoo. as their stories converge mysteries about gus origin the sick hybrids and more are answered and compounded giving followers plenty to look forward to should sweet tooth land a second season. there are moments in sweet tooth that are chillingly close to the bone doctors covered head to toe in protective gear and face shields working on patients in hermetically sealed rooms. aged signage urging citizens to socially distance. toilet paper supplies transported by an armed guard. reflecting what we ve just been through is not a central theme of this series which was shot in new zealand before and during the pandemic but when it does hit those chords it does so with a sensitivity and weightiness that s not easy to achieve in the realm of fantasy. plague aftershock as entertainment seems preposterous right about now but when transformed by the weirdo extremes of sweet tooth s universe the subject becomes a post apocalyptic joyride. """
religion,"marriage with nikhil jain not legal  our separation happened long back tmc mp nusrat jahan . marriage with nikhil jain not legal  our separation happened long back tmc mp nusrat jahan . new delhi tmc mp nusrat jahan said on wednesday that her marriage with nikhil jain was not legal and they have been separated for quite some time. being on foreign land  as per turkish marriage regulation  the ceremony is invalid. moreover  since it was an interfaith marriage  it requires validation under the special marriage act in india  which did n t happen. as per court of law  it s not marriage but a relationship or a live in relationship. thus the question of divorce does not arise  the tmc mp said in a statement. our separation happened long back  but i did not speak about it as i intended to keep my private life to myself  she said. here s the full text of her statement 1. being on foreign land  as per turkish marriage regulation  the ceremony is invalid. moreover  since it was an interfaith marriage  it requires validation under special marriage act in india  which did not happen. as per the court of law  it is not a marriage  but a relationship or a live in relationship. thus  the question of divorce does not arise. our separation happened long back  but i did not speak about it as i intended to keep my private life to myself. thus  my actions must not be questioned based on separation   by the media or anybody i am not related to. the alleged marriage is not legal  valid and tenable and thus  was not a marriage at all in the eye of my visit to any place for business or for the purpose of leisure  should not concern anyone with whom i have separated. all my expenses have always been borne by me contrary to claims by someone .3. i would also state that i have solely borne the expenses for my sister s education and my family s well being  from day one  as they have been my responsibility. i need not use or keep anyone s credit card  which i am not related to anymore. this too can be backed up by the one who claims to be rich and been used by me has been taking money from my account by accessing my bank accounts illegally and by illegitimate means at odd hours of the night  even post separation. i have already taken this up with the concerned banking authority and a police complaint shall be filed shortly. in the past  details of all family accounts were handed over to him  upon his requests and none of me or my family members was aware of any instructions given to the bank via. he has also been mishandling my funds from various accounts without my knowledge and consent. i am still battling it out with the bank if need be  would release proof of the also  my belongings  including my clothes  bags and accessories still remain with them. i am disheartened and disappointed to state that all my family jewellery  given to me by my parents  friends and extended family  including my own hard earned assets has been illegally held back by being rich does not always give a man the right to act as a victim belittle the woman alone  in this have made my own identity by my sheer hard work thus i would not allow anyone not related to me to share the limelight or a title or followers  based on my i would never speak up about my personal life or anyone i am not related to. thus  people who call themselves normal people must not entertain anything which is not related to them. i would request the media to refrain from questioning the wrong person  who has not been a part of my life for long now. turning a sadaharon person  as claimed by someone  into a hero   giving one sided stories to malign my image is not desirable. i would earnestly request my friends from the media to not give unnecessary mileage to such people or situations. thank you  nusrat jahan.' """
sport,"nebraska this week to watch the olympic team trials. lydia jacoby gave them plenty to cheer for on monday. the 17 year old from seward raced into the women s 100 meter breaststroke finals by placing third overall in the semifinals with a blistering time of 1 minute seconds. she trailed only world record holder lilly king 1 and annie lazor 1 both of those swimmers competed in the second heat. jacoby will attempt to become the first alaska swimmer to qualify for the olympics. the top two advance to tokyo. she qualified for the semifinals by posting the fourth fastest preliminary time 1 monday morning. jacoby will also swim thursday in the women s 200 breaststroke where she is seeded 15th with a time of 2 . youth swimmers from five alaska swimming clubs traveled to nebraska to root on their peers eagle river s john heaphy competed on sunday. kodiak kingfishers nick carver ian rocheleau and amaya rocheleau were in attendance at the chi health center to witness jacoby s swims. ian rocheleau a rising senior at kodiak high spoke to ktuu in anchorage a few days ago about being at the trials. it s just crazy to see the times. it gives you a whole new set of goals really when there s something new to strive for he told ktuu. heaphy 20 placed 27th in the men s 100 meter breaststroke on sunday. the graduate of eagle river high school finished with a time of 1 . in 2018 and 2019 kodiak s leslie spear raced against lydia jacoby in the 100 yard breaststroke at the state championship meet in anchorage. jacoby won both years with spear placing third in 2018 and seventh in 2019. jacoby lowered her state record time to 1 in 2019. kodiak s laura griffing held the 100 yard breaststroke state record until jacoby popped onto the scene. griffing won the 2010 state title with a record swim of 1 jacoby eclipsed griffing s time in 2018 with a time of 1 . """
religion,"about time of grace . time of grace connects people to god s grace his love glory and power so they realize the temporary things of life don t satisfy. however through jesus we have access to the eternal god right now and forever. time of grace offers a wide variety of products that were created with you in mind. find books and bibles devotionals dvd cds e books and more to help you seek god in your life. about time of grace . however through jesus we have access to the eternal god right now and forever. our store . time of grace offers a wide variety of products that were created with you in mind. find books and bibles devotionals dvd cds e books and more to help you seek god in your life. abortion what does god say abortion and the womb part 2 . abortion is one of culture s most complex debates spilling onto street corners courtrooms and social media. but what does the bible say about this issue if anything how should followers of jesus feel personally about abortion given the multitude of reasons that unplanned pregnancies are ended subscribe to time of grace . we want to help you stay rooted in jesus by taking time out for god s word every day. and here s an easy way to do it subscribe to time of grace resources to be delivered to your email inbox daily. we would love to pray for you . god wants us to pray to him and he promises to answer every one of our prayers. let us pray for you . submit your prayer request . copyright 2021 time of grace ministry all rights reserved. we want to help you stay rooted in jesus by taking time out for god s word every day. and here s an easy way to do it subscribe to time of grace resources to be delivered to your email inbox daily. sign up today . we would love to pray for you . god wants us to pray to him and he promises to answer every one of our prayers. let us pray for you . copyright 2021 time of grace ministry all rights reserved. we want to help you stay rooted in jesus by taking time out for god s word every day. and here s an easy way to do it subscribe to time of grace resources to be delivered to your email inbox daily. sign up today . we would love to pray for you . god wants us to pray to him and he promises to answer every one of our prayers. let us pray for you . submit your prayer request . copyright 2021 time of grace ministry all rights reserved. """
social,though it may seem like a good idea to let your child suck on a piece of ice to ease teething pain or cool down on a hot day keep ice away from your child until he s about 4 years old. that s primarily because ice cubes are a choking hazard. they re slippery and just the right size to get stuck in a child s throat. and if the ice cube has sharp edges it can cut the inside of your child s mouth. ice can also stick to the tongue and insides of the mouth causing a lot of discomfort. ice does n t melt as fast as you might think. even if your child is old enough to have ice do n t let him chew on it. habitually crunching on ice can damage teeth by wearing down the enamel and even causing tiny fractures in the teeth. if you re thinking about giving your child ice to soothe teething pain keep a teething ring in the refrigerator and offer that to your child instead. alternatively you can chill a clean damp washcloth in the refrigerator before letting your child suck on 
unrest,"boulder city council on tuesday recognized national gun violence awareness day held annually on the first friday in june. the day which this year will be friday was organized in part to honor the 2013 death of hadiya pendleton a 15 year old shot and killed in chicago. councilmember rachel friend said it s the second time she s read the resolution but this year s reading was a bit more challenging in light of the march 22 king soopers shooting in which 10 people died when a gunman opened fire at the south boulder king soopers. the tragic event those who were lost and the pain of their deaths will live on in the hearts and minds of our community friend said. boulder is committed more than ever to being part of the change that prevents the unspeakable pain and suffering that follows these events to do all we can to keep firearms out of the wrong hands and to encourage responsible gun ownership to keep our community safe. christina gardner a south boulder resident and a member of a local moms demand action chapter spoke briefly and thanked the council for its action. "" "
religion,"westborough jacqueline jacqui tarr dempsey lussier 85 of westborough passed away peacefully at home with her loving family by her side on june 13 2021 from parkinson s disease. armand and lucia a. robert lussier she attended st. anne academy in marlborough and studied at the mass college of pharmacy. at 19 she was a finalist in the local miss breck competition. it was at her first job at the monsanto corporation that jacqui met some dear friends and her husband fred p. tarr marrying in 1958. she is remembered for her ability to get her children to appointments church or the beach in record time often being referred to as mario andretti by some of her children and their friends. in addition to her busy home life jacqui was an active member of st. brigid church. she met her lifelong girlfriends in the women s club where they shared their faith books good food and life experiences for almost 50 years. jacqui was a eucharistic minister a ccd teacher a 4h leader and volunteer at the pine street inn. her family has lost count of all the ways she contributed to endeavors of family and friends. once her kids were in school full time jacqui joined the foster miller corporation as office manager where she looked after the large engineering team. in 1987 jacqui and fred moved to bangor maine where she co managed family real estate with fred and participated in her local church community volunteered at the bangor food cupboard and her beloved prison ministry. following fred s sudden onset of multiple myeloma and in a short three months jacqui sold the family business and her home and moved fred down to massachusetts where she eventually settled in westborough with her daughter susan. in westborough jacqui oversaw fred s care and joined the st. luke community where she was an extraordinary eucharistic minister and had found a spiritual home and dear friends. following her husband fred s death in 2006 jacqui met paul f. dempsey at her st. luke rosary group marrying in 2008 until his passing in 2015. jacqui and paul helped fund a new home with plumbing for a family of six in haiti which gave her much joy. after learning she had parkinson s disease jacqui joined the westborough parkinson s support group and brought her love of singing to the parkinson s choral group of central massachusetts performing at local nursing homes and hospitals. in her final days jacqui was supported by family friends spiritual advisors and loving caregivers who always spoke of her sweet and loving nature. jacqui s friends remember her for her kindness her joy of cooking and her love of singing. she is survived by her six children debra tarr and her husband richard laurie t. ellsworth and her husband fred of westminster susan t. avola and her husband carl of westborough diane t. roberts of wa thomas o. tarr and his wife shelly of tx and geoffrey f. tarr and his wife teresa of nh. sister of robert a. lussier of port st. lucie fl and the late paul a. lussier and his wife carol of east longmeadow. also survived by 17 grandchildren. her funeral mass will be celebrated on friday june 25 at 10 30 in st. luke the evangelist church 70 west main st. westborough. burial will follow in st. luke s cemetery. calling hours at the pickering son westborough funeral home 62 west main st. westborough are thursday june 24 from 4 7 """
disaster,"the united states embassy in hanoi vietnam is seeking an eligible and qualified applicant for the position of project management specialist energy and pollution reduction in its agency for international development usaid . vacancy announcement no. usaid 2021 08 . closing date july 21 2021 17 00 hanoi time . area of consideration all interested candidates all sources who are cooperating country national . point of contact . quyen hoang human resources specialist at tel 84 24 3850 5000 ext. 2763 and loan nguyen human resources and travel assistant at tel 84 24 3850 5000 at ext. position title project management specialist energy and pollution reduction 30000815 . market value base salary per annum us us fsn 11 . added by attractive allowances cash and non cash benefits and incentives according to embassy vietnam s local compensation plan. period of performance length of the contract work schedule definite term five years monday through friday 40 hours per week . usaid expects the services under this contract to be continuing in nature for the contractor to perform under a series of sequential contracts subject to the availability of fund. usaid vietnam 15th floor tung shing building no. 2 ngo quyen street hoan kiem district hanoi vietnam . security level required local security certification or public trust . background information of the position . the usaid project management specialist energy and pollution reduction is located in the environment and energy office oee the united states agency for international development usaid mission vietnam in hanoi. the incumbent will offer technical expertise for usaid vietnam s energy programming and pollution reduction efforts. s he will manage activities that support vietnam s transition to a clean secure and market based energy system reduced environmental pollution and increased climate change adaptation and resilience. the incumbent will work to increase the deployment of advanced energy systems promote increased investment in clean energy and improve national legislation and stakeholder engagement for innovative energy solutions. s he will also support efforts to reduce environmental pollution and mitigate urban environmental issues with emphasis on strengthening the capacity of local organizations to improve environmental security. s he is an expert in one or more of the following areas clean energy development pollution and solid waste management governance program administration management and design. related to clean energy and pollution reduction s he will develop and improve organizational systems and policies that meet rigorous standards including united states government usg requirements. s he will contribute to the oee s efforts to improve vietnam s energy security and reduce pollution through collective action approaches. """
arts,"shanghai international film festival shines light on italian movies . shanghai june 19 xinhua marco muller an italian producer film critic and judge for the 24th shanghai international film festival siff golden goblet award talked with russian director alexander sokurov via video link in shanghai earlier this week. during the dialogue muller shared how he and his russian peer forged a transnational friendship and their views on many films at the festival. since muller brought the italian film the solitude of prime numbers to china many years ago an . """
health,"goooo. but santos is signaled for offsides. union still down 1. 10 first yellow card of the evening goes to jack elliott. who went down for a slide tackle late after a turnover near midfield. service is from the right flag and is sent into the middle but the shot is sent over the net. 5 union down a goal and down a man currently. wagner is getting his wrist bandaged up on the sideline near the team benches. after a wrap he is back on the field. 4 wagner is down and is getting looked at by medical staff. he was thrown down and slid into the ad board on the sideline. 2 oh no not a way to start the game as glesnes goes down to deflect a ball for a corner but chips it over blake and into the net. 1 we are underway in a wet chicago kickoff happened at 8 09 pm . starting lineups . philadelphia union . chicago fire . things to watch . jamiro monteiro will be suspended if he receives another yellow card. injuries absences . 16 goooo. but santos is signaled for offsides. union still down 1. 10 first yellow card of the evening goes to jack elliott. who went down for a slide tackle late after a turnover near midfield. 6 fire earn a corner here. service is from the right flag and is sent into the middle but the shot is sent over the net. 5 union down a goal and down a man currently. wagner is getting his wrist bandaged up on the sideline near the team benches. after a wrap he is back on the field. 4 wagner is down and is getting looked at by medical staff. he was thrown down and slid into the ad board on the sideline. 2 oh no not a way to start the game as glesnes goes down to deflect a ball for a corner but chips it over blake and into the net. 1 we are underway in a wet chicago kickoff happened at 8 09 pm . starting lineups . philadelphia union . chicago fire . things to watch . injuries absences . philadelphia union . out jack de vries concussion protocol . out ilsinho groin surgery . out anthony fontana concussion protocol . out jose martinez international duty . questionable alejandro bedoya calf . chicago fire fc . out przemyslaw frankowski international duty . out gaston gimenez international duty . out stanislav ivanov left knee . out kenneth kronholm right knee . questionable wyatt omsberg left hip . questionable bobby shuttleworth ribs . questionable carlos teran right shin . how to watch . radio fox sports the gambler 1480 am and hd2 . audio streaming iheart radio app fox sports the gambler . video streaming in the philly area espn outside of the philly area brotherlygame has affiliate partnerships. these do not influence editorial content though brotherlygame and sb nation may earn commissions for products purchased via affiliate links. """
labour,"union coop is also the platinum sponsor for the 40th edition of gcc men s basketball championship held by gulf basketball association hosted by shabab al ahli club 18 to 26 june. union coop dr. suhail al bastaki happiness marketing director received the honor from mohammed ahmed al marri board member of shabab al ahli dubai club chairman of the board of directors of the sports games sector at shabab alahli dubai club . dubai uae shabab al ahli dubai club honored union coop the largest consumer cooperative in the uae for its platinum sponsorship of the 40th edition of gcc men s basketball championship held by gulf basketball association hosted by shabab al ahli dubai club 18 to 26 june. from union coop dr. suhail al bastaki happiness marketing director received the honor from mohammed ahmed al marri board member of shabab al ahli dubai club chairman of the board of directors of the sports games sector at shabab alahli dubai club in presence of officials from both sides in a ceremony held in dubai. the honoring came on the sidelines of the union coop signing a memorandum of understanding with shabab al ahli dubai club to be the platinum sponsor for the 40th edition of gcc men s basketball championship due to its keenness to support the club morally and materially to achieve its desired goals during the tournament and promote the sport of basketball at the state level the gulf and the world. the memorandum was signed by dr. suhail al bastaki director of happiness and marketing department on behalf of union coop and dr. majid sultan bin sulaiman executive director of sports games sector and member of the board of directors in the presence of officials and employees of both parties. for his part al marri thanked union coop for its contribution and support in this gulf forum. he stressed that national companies are competing to support and sponsor sports tournaments and this is evidence of the people of the country standing alongside to make the various events that are held inside uae successful and added that the selection of the uae and its representative shabab al ahli dubai club to host the tournament is a result of the trust placed by the basketball organizing committee in the gulf cooperation council in uae government dealing with the corona pandemic through following the necessary precautionary measures to protect players and the public alike. in the same context dr. suhail al bastaki indicated that union coop aims through this sponsorship to support shabab al ahli dubai club in their achievements at the level of the gulf countries in the championship that will be held this month and to reach advanced positions that translate the vision of the wise leadership in addition to urging all institutions and departments to consolidate the culture of supporting local sports clubs and instilling it in the hearts of all segments of society. he also indicated that the agreement which provides the provision of material and moral support to shabab al ahli dubai club is considered part of the corporate social responsibilities that union coop working to enhance through encouraging the culture of joint work with various institutions departments and authorities in the country. this is in order to achieve positive results that serve the public interest as this agreement comes as a regeneration of the union coop s spirit of giving and its influential role within the community and implementation of the directives of the wise leadership to keep pace with the rapid and advanced developments and transformations that the country is witnessing to make giving a lifestyle and priority in the strategies of institutions pointing out that union coop believes in the importance of the effective role of shabab al ahli dubai club in providing the appropriate sports environment on a permanent and integrated basis that helps raise the level of youth athletically and culturally. dr. al bastaki thanked shabab al ahli dubai club for honoring union coop and signing a memorandum of understanding so that each party would reap benefit from such partnerships in community and sports work and in a way that contributes to translating the two parties various endeavors to develop sports and gain advanced positions in the championship and benefit from the exchange of experiences between the two parties. """
humanInterest,"laura beahm tribune . a framed copy of a newspaper from june 1931 helps chronicle the story of sjuts peony garden south of trumbull. rural trumbull simply seeking a rural home for their budding family the sjuts family stumbled upon an acreage steeped in history and it took their lives in a direction they hadn t anticipated. scott and nikki sjuts wanted to move to a farm house to be closer to doniphan trumbull schools where nikki works as a counselor and they found one for sale about two miles south of trumbull in 2010. the owner howard hohlen wasn t eager to sell but his health was deteriorating and he couldn t care for the place anymore. little did the sjuts know that hohlen s love for the place stemmed not from the land but from the acres of peony plants scattered around the 40 acre farm. he definitely had a passion for the flowers scott said. lbeahm laura beahm tribune . harrison and nikki sjuts shake rain water out of blooms may 27 in the family s peony garden south of trumbull. after purchasing the farm and beginning the six month process to renovate the house before moving in the family learned more and more about the history of the land. herbert f. warren started the farm when he bought a quarter section of railroad land in 1893 according to the garden s history at the sjuts peony garden website. warren planted clippings from three peonies one each of white pink and red that his father had given him. he had loved the beauty of peonies since his childhood and spent years developing new varieties of the flowers on the land. the land on the farm wasn t conducive to raising crops so the warrens cash crop was potatoes which he peddled to make enough money to feed his family of nine children. in the early years warren gave away the cut blossoms he grew on his place sometimes even the plants themselves to anyone who appreciated his peonies. eventually warren had cultivated so many varieties of peonies and grown the farm to the point he had to hire help to work with the flowers and started to sell the peonies commercially. the height of the peony garden s popularity was in the late 1920s and 1930s. warren s work had become recognized by horticulturalists all over the country and visitors from across the united states began to come to see the gardens. it was reported that tens of thousands of visitors per day would come in late may and early june often causing traffic difficulties on the dirt roads leading to the farm from the nearby highways. lbeahm laura beahm tribune . peony blooms are photographed may 27 at sjuts peony garden south of trumbull. during the years of world war ii warren had trouble hiring help to maintain the gardens and his children were all grown and had their own homes and families. following the death of his wife cora in 1945 herbert sold his beloved gardens and later died in 1948. the next owner was more interested in farming than flowers and the terraced rows of blossoms eventually became overgrown with weeds and brush. the warrens concrete markers to identify specific varieties were broken and lost. in 1965 howard and carol hohlen purchased the farm and worked for many years to restore some of the former luster to the warren peony gardens. the hohlens purchased new strains to add to the warren peonies to start the blossoming season earlier and keep it going longer. howard spend the ensuing decades meticulously working to restore and multiply the plants. following carol s death and howard s deteriorating health much of the labor intensive maintenance of the peonies had to be hired out. because the hired hands didn t share howard s enthusiasm for the peony plants sometimes the plants didn t receive the attention they needed to thrive. scott said sometimes the peony plants were sprayed with chemicals meant to prevent weeds which damaged the peonies they were meant to protect. in 2010 howard decided to sell the farm and the sjuts purchased the place to make a home for them and their two sons harrison and preston. scott said shortly after they moved in a 104 year old woman agnes anderson visited. anderson told scott and nikki stories about how she came out to the gardens as a child with her family. and anderson wasn t the only visitor the newly planted family had. many visitors were concerned that the new owners were going to let the gardens go. for years they had come to view and purchase the flowers and some worried that time was over. lbeahm laura beahm tribune . rows of plants make up some of the five acres of peonies at sjuts peony garden south of trumbull. while it wasn t in their original plans for the new house the sjuts soon decided to take over where howard left off in caring for the peonies. before his death nikki said howard used to come out to see the gardens and offer tips on their care. scott said the advice was helpful in learning about this new labor intensive hobby. in his full time job as a regional manager for taco bell he hadn t learned much about caring for flowers so he appreciated howard s advice. the flowers have been a learned passion scott said. news that the sjuts would continue the tradition of the peony gardens was greatly appreciated by many longtime customers like gary and paula consbruck of giltner. paula grew up down the road from the farm and remembers going there with her grandmother mildred harmon. she said visitors would come dressed up in their sunday best as though it were a special outing. paula moved away for a time but sought out the garden when she moved back to the area. for paula the peonies are used to decorate for family reunions and to spruce up grave markers for the memorial day weekend. peonies long have been considered a traditional flower to commemorate graves during the holiday because the plants come to bloom around that time every year. the flowers also can be used for family reunions weddings and other occasions but nikki said they only keep the garden open around memorial day because that is the height of the peony season. the plants can be cut and kept in a cooler for a time but most sales are done over one weekend a year. we have a lot of people who come and get them to decorate graves nikki said. generally they see two types of customers. some call ahead to place an order wishing to pick them up later packaged and ready to go. other customers enjoy visiting the gardens and choosing their own flowers to cut. they are given instructions about where to cut the peony so it will grow back the following year. the business also has been good for their children. not even school aged when they moved to the farm harrison is now 15 and preston is 13. both boys are active in the business able to take orders package and accept payment when needed. they also help care for the plants through the year. lbeahm laura beahm tribune . using petals from the peonies preston and harrison sjuts make jelly to be sold at sjuts peony garden south of trumbull. harrison is in ffa and has added jellies made from the peonies to their offerings as part of a supervised agricultural experience sae . scott s father helps the boys make the jellies and nikki s mother helps package flowers. lbeahm laura beahm tribune . preston sjuts talks about some of his favorite varieties of peonies may 27 during a tour of sjuts peony garden south of trumbull. preston has taken a special interest in learning about peonies and new ways to cultivate them. the family is working on creating hybrids with different colors recently adding a yellow plant to the mix. they have well over 60 different varieties. scott said they favor heritage peonies. they have about a thousand beds spread out over four to five acres. with the pandemic in 2020 nikki said they were seeing younger families coming out to visit. those interactions impressed upon her the importance of keeping the gardens going for the next generation. there are years when they spend more in chemicals to maintain the gardens than they make in profits but scott said it s a worthwhile project. in paula s opinion the sjuts are doing a service to the community by keeping the garden s heritage alive. kudos to scott and nikki for doing this she said. it had to be a family who cared. for more information about the gardens visit http or """
environmental,"plans for affordable retirement flats in mossley have been given the green light despite neighbours concerns about lack of parking and loss of views. members of tameside s planning committee have approved plans for a warehouse on land at nield street and smith street to be demolished and redeveloped. the applicant jigsaw homes a registered housing provider would manage the homes which would be for affordable rent . planning officer steven kirkham told the committee that there are issues of antisocial behaviour at the site and evidence of fly tipping. the characteristics of the site are such that it meets with the definition of brownfield land he said. there is a proven need to meet demand for accommodation for the ageing population and current demand is outstripping supply. the population of tameside over the age of 65 is set to increase by 40pc up to 2035 so this proposal will help meet this growing demand. jigsaw homes the plans for the land at nield street . the comprehensive redevelopment of the site would address current environmental issues investment and regeneration presents an opportunity to secure positive legacy for the site and neighbouring uses alike. however speaking against the development a neighbour said it would cost him views of the brown edge hill. nield street is already too narrow and is wide kerb to kerb he said. the type of development a block of flats is not what the people of mossley want. access to the new development would come from nield street where a new turning head would be built to an adoptable standard . under the proposals there would also be a large landscaped communal garden towards the south of the building for residents. it would also see 36 mature trees planted. speaking on behalf of jigsaw homes philip millson from the millson group said because jigsaw will manage this development which will be completely 100pc affordable rent and because they will control the tenants they can manage the type of tenant that goes in and in particular whether they are car users. this is a substantial investment by jigsaw on a complicated site. it s removing what was described by one supporter as a dog toilet removing areas of antisocial behaviour creating highly efficient affordable homes. as part of the approval jigsaw will also pay financial contributions through a section 106 agreement of 19587 towards green space and 26036 towards highways. """
arts,"srinagar jun 21 uni alleging that jammu and kashmir s constitutional relationship with the central government has soured because of the latter former union minister and senior congress leader prof saifuddin soz on monday said now if the statehood is restored it will not yield any advantage to the centre. bhopal june 21 uni it is a laudable instance indeed of politicians cutting across party lines for the cause of public welfare. madhya pradesh chief minister shivraj singh chouhan expressed heartfelt gratitude on monday towards his congress predecessor kamal nath and erstwhile central minister arun yadav for appealing to the populace to participate in the novel coronavirus immunisation campaign that commenced this morning in the state. bhopal june 21 uni madhya pradesh chief minister shivraj singh chouhan paid homage on monday to rashtriya swayamsevak sangh founder keshav baliram hedgewar on his death anniversary. we are committed to building a modern and capable india in conformity with dr hedgewar s vision. he said only a piece of land cannot be called a nation. a nation is created with the culture of people of one thought ethics civilisation and tradition who have been living since ancient his foremost priority was making society organised disciplined and powerful the senior politician conveyed via social media. bhopal june 21 uni madhya pradesh chief minister shivraj singh chouhan launched a massive novel coronavirus immunisation campaign on monday in datia district headquarters and appealed to the populace to undergo compulsory vaccination. the vaccine is a protective shield get it yourself and inspire others to do likewise. arrangements made by premier narendra modi vis vis free injections will not only save our state but also the rest of the nation from the millennium scourge the senior politician was officially quoted as saying. 21 jun 2021 3 42 pm. """
unrest,"file in this may 18 2021 file photo mourners attend the funeral of yigal yehoshua 56 at a cemetery in hadid central israel. israeli police said sunday june 20 2021 that they have arrested eight arab suspects in the killing of yehoshua during a wave of ethnic violence in may. yehoshua 56 died after being pelted with rocks during clashes between arabs and jews in the mixed city of lod. oded balilty ap 2 3 file in this may 26 2021 file photo the minaret of the al omari mosque and st. george greek orthodox church are reflected in the broken windshield of a vehicle sitting outside a synagogue in the mixed arab jewish town of lod central israel in the wake of clashes between arabs police and jews. israeli police said sunday june 20 2021 that they have arrested eight arab suspects in the killing of yehoshua during a wave of ethnic violence in may. yehoshua 56 died after being pelted with rocks during clashes between arabs and jews in lod. jerusalem ap israeli police said sunday they have arrested eight arab suspects in the killing of an israeli jewish man during a wave of ethnic violence last month. yigal yehoshua 56 died after being pelted with rocks during clashes between arabs and jews in the mixed city of lod. palestinian protesters and israeli police in jerusalem clashed on a nightly basis during the holy month of ramadan in april and may over restrictions on public gatherings and attempts by settlers to evict dozens of palestinian families. the clashes spread to a flashpoint holy site in jerusalem igniting mob violence in israel s mixed cities and an 11 day gaza war. in lod and other mixed cities groups of jews and arabs fought one another and rampaged through neighborhoods torching cars and shops and attacking anyone from the other side who crossed their path. the police and israel s shin bet security agency said six arab residents of lod and two palestinians from the west bank were arrested on suspicion of hurling stones at yehoshua s car. he died from his injuries several days later on may 17 and his kidney was donated to an arab woman. israeli prosecutors plan to charge seven of the suspects with murder. prime minister naftali bennett congratulated the security forces. every enemy and terrorist that tries to hurt us must know the state of israel will put its hands on every wrongdoer sooner or later and will bring them to justice he said in a statement. israel s arab citizens account for around 20 of the population. they have citizenship and the right to vote but face widespread discrimination. they have close family ties to palestinians in the occupied west bank and gaza and largely identify with their cause leading many jewish israelis to view them with suspicion. "" "
social,the 35th annual strawberry shortcake festival benefiting the boys and girls clubs of bloomington will be held from 11 6 thursday at switchyard park according to the bgc of bloomington website. people at the festival may purchase strawberry shortcake for 5 per serving with all proceeds going to the bgc of bloomington. according to the bgc of bloomington website residents and businesses could also pre order strawberry shortcake kits containing strawberries ice cream shortcake whipped topping bowls and utensils to be delivered tuesday and wednesday. each kit costs 60 and contains 10 servings. this is a time honored tradition that we re really excited to have this week festival co chair megan parmenter said. while 2021 marks the 35th annual strawberry shortcake festival this is only the second year the festival will take place at switchyard park. the auxiliary to the boys and girls club of bloomington changed the location last year in order to offer a drive thru covid 19 safe option parmenter said. the auxiliary will continue to offer a drive thru option this year to accommodate those who do not feel comfortable with in person events or in case of rain. the strawberry shortcake festival is one of two main fundraising events held annually by the auxiliary auxiliary president heather groves said. groves said the auxiliary donates 75000 to bgc of bloomington each year making them the single largest donor. groves said there are three boys and girls club locations in or near bloomington. one is located on lincoln street another in the crestmont neighborhood and the other in ellettsville. we do a lot of programming at all three boys and girls clubs and this festival goes into funding that programming so we can give the kids some different opportunities festival co chair savanah whittaker said. whittaker said some examples of the programming made possible by the auxiliary include providing hot meals for children living in crestmont public housing to take home each friday during the school year a holiday market where kids choose gifts for their family members an end of the year awards banquet and more. i think it s important that kids have a safe place to go after school somewhere where they re enriched and challenged yet nurtured somewhere that they have role models to look up to whittaker said. the boys and girls club provides all of those things. as a teacher parmenter said she felt motivated to support bgc after she saw a student who refused to speak at all at school come out of his shell at bgc. parmenter said witnessing the positive impact of bgc on her students firsthand motivated her to get involved with the auxiliary. groves said many people are motivated to help with the strawberry shortcake festival because they care deeply about children. the bgc supports children by providing resources they may not otherwise have such as warm meals or access to professionals in a number of fields through career day groves said. it s hard to see anyone go hungry but especially hard to see a child go hungry groves said. to be able to know that we re impacting over 100 kids in our community every single week is a big reason i joined. parmenter urged people to attend the festival because it is a way to eat strawberry shortcake while also supporting a good cause. 
other,"jesy nelson inked a solo album deal with global talent management company ymu just months after she left little mix in december. the singer joins other based clients represented by the company including take that ant dec fearne cotton and dj steve aoki. in a statement shared by music week she expressed her excitement to join myu and start the next chapter in her singing career. meanwhile mary bekhait group ceo of ymu praised nelson for her talent as she welcomed her to the company. jesy has enjoyed incredible success as a recording artist and performer and is well placed to further her remarkable career bekhait said in a statement adding she is a hugely talented versatile and authentic artist with a strong creative vision and we are looking forward to helping her realise that. news of her solo album deal came after speculations that she has parted ways with music label rca and with its parent company sony. a source claimed that the 29 year old has been on the hunt for a new team since she left little mix and that she is on the lookout for a new pr firm to handle her upcoming projects. she s spent the last decade in the pop machine being told what do and wear she s probably ready to take control herself added another music insider. nelson has been hinting at solo music since she left little mix after nine years together. 16 she shared a selfie on instagram and captioned it let s go along with a few musical notes emoji. she also posted a photo taken inside a recording studio and her recent one showed her in what she called studio attire. nelson revealed that she parted ways with little mix because she could no longer handle the pressures of being in a girl group. she said the criticism and the demands took their toll on her mental health. she left to take some time off for herself although at the time she did not mention any plans of going """
other,"kiara advani has been at the peak of her career with huge blockbusters in her kitty since the last two years. seeing her performance and box office collection the actor is receiving lots of offers. while speaking to filmfare the actress also revealed the best advice she has ever received. she said it has come from salman khan. explaining furtherthe actress added that salman had told her to work really hard and let only her hard work speak. however this is not the first time when salman has advised an actor. he always encourages new talents and provides them suggestions which not only motivates them but also helps them in their career growth. the indooki jawani actress had earlier informed that it was salman who suggested her to change her real name from aaliya as bollywood already had alia bhatt. while speaking to filmfare kiara also discussed her personal life. there are rumours that the actress is dating sidharth malhotra. the speculations about their relationship are being made based on the pictures and outings of the duo. however none of them has yet confirmed about the same. kiara seemingly hinted about them being together to filmfare when she was asked about what s brewing between her and sidharth. she did not give details however opened up about a date she went on earlier this year. further she was asked about her reaction if she would find her boyfriend cheating the actress responded by saying that she will block him and never look back. she can never forget it and it will be a complete no no in a relationship. sidharth and kiara will be seen sharing screen space for the first time in their upcoming film shershaahwhich is based on the biopic of kargil war hero vikram batra. the movie is set to hit theatres on july 2. apart from thisthe actress also has several films in her kitty including bhool bhulaiyaa 2 co starring kartik aaryan and tabu and jug jugg jeeyo opposite varun """
other,"a town centre site in blessington on the kildare wicklow border is for sale with a 2 million guide price. last month the vendor received full planning permission for a development on the site comprising 58 apartments in three blocks ranging in height from three to four storeys. block a s 22 units would comprise three three bedroom apartments 14 two bedroom apartments and five one bedroom apartments. block b s 18 units would consist of three three bedroom apartments 14 two bedroom units and one one bedroom unit. extending to acres the site benefits from 155 metres of road frontage and is located in a mixed use area next to blessington shopping mall. on the western side of the town the site is accessed through newtown square via two main access points which merge into one from the n81 main street through blessington town. in addition the access from newtown square is also connected by the inner relief road which also connects to the r410 and dublin road. blessington is located 21 km southwest of dublin s m50 motorway and 12km southeast of naas. transport links in the area include a dublin bus commuter route which travels through tallaght while the n81 connects to tullow bunclody and enniscorthy. with a population of about 6000 people the town is the main shopping location for north west wicklow. nearby occupiers include supervalu dunnes stores and aldi supermarkets as well as paddy power and boyles sports. the nearby area also features a playground. main street is very picturesque with an attractive village streetscape and older feature buildings include the landmark st mary s church in the middle of the town which dates from 1683. blessington is also situated on the edge of blessington lakes which provide boating and other water sports facilities. other amenities in the area include russborough house and tulfarris golf club. a majority of its housing estates were constructed on the western side of the town off the r410 which is the road to naas. a new inner bypass has also been opened that alleviates traffic on main """
crime,"donors to the former elected honolulu prosecutor have come under increased scrutiny as the justice department tries to build its case. federal investigators are using an age old tactic in their grand jury probe of former honolulu prosecuting attorney keith kaneshiro. some of kaneshiro s top political donors have become central figures in the justice department s ongoing criminal investigation into corruption and abuse of power within the city prosecutor s office. chief among them are honolulu based real estate agent donna walden and engineering consultant dennis mitsunaga whose firm mitsunaga associates has previously been the subject of allegations of pay to play politics. former honolulu prosecuting attorney keith kaneshiro is still the focus of an investigation by federal prosecutors. the grand jury inquiry into possible corruption seems to be picking up as the pandemic subsides. most recently assistant attorney michael wheat the san diego based prosecutor spearheading the investigation has called in several employees of mitsunaga associates to testify before a federal grand jury. at least one company executive arnold koya was booked into the federal detention center in honolulu after he refused to show up according to a report from hawaii news now. state campaign spending data shows koya like other mitsunaga associates executives has donated thousands of dollars to kaneshiro s political campaign to help him stay in office. michael wheat is a very skilled and diligent prosecutor so it makes sense to me that he would investigate the people who have given campaign contributions to a criminal defendant in one of his cases said marc wallenstein a former assistant attorney who now works in private practice. if a criminal occupies an elected or appointed office and abuses his power you want to investigate the people who helped put him there which includes campaign donors even though it does n t necessarily mean they committed a crime. wheat is focused in particular on kaneshiro s involvement in the city and county of honolulu s million purchase of an apartment complex from walden shortly after she and her investors bought it for million. kaneshiro wanted to use the building as a safe house for victims of sex trafficking and domestic violence. a grand jury witness who helped execute the deal told civil beat in 2017 that kaneshiro advocated for purchasing the building from walden and that wheat took specific interest in the seemingly quick 1 million profit that came as a result. walden did not respond to civil beat s recent request for comment but in 2017 defended her involvement saying we did a good deed. kaneshiro s safe house was shut down in 2019 after a series of controversies including complaints of civil rights abuses. wheat is also looking into kaneshiro s prosecution of laurel mau a former mitsunaga associates employee who had sued the company for sex and age discrimination. after mau filed her lawsuit kaneshiro s office pursued criminal charges against her based on affidavits and witness statements prepared by mitsunaga associates and its attorney sherry tanaka. no other outside law enforcement agencies such as the honolulu police department or the hawaii attorney general s office were involved in vetting the case. michael wheat is the lead prosecutor in the doj s investigation into keith kaneshiro. instead it was handled by one of kaneshiro s internal investigators vernon branco and two of his deputy prosecutors chasid sapolu and jake delaplane both of whom have come under scrutiny during wheat s ongoing criminal investigation. karen nakasone a state court judge threw out kaneshiro s case against mau in 2017 saying it was highly unusual irregular and a threat to the judicial process. mitsunaga and tanaka who has been representing the company s employees before the grand jury did not respond to civil beat s requests for an interview. kaneshiro additionally declined to comment about the ongoing criminal investigation when contacted by civil beat last week. i was advised by my attorney not to say anything kaneshiro said. he declined to provide the name of his attorney. alexander silvert is a former federal defender who s familiar with wheat s tactics. silvert represented gerard puana who retired honolulu police chief louis kealoha and his wife katherine a former deputy city prosecutor under kaneshiro tried to frame for the theft of their mailbox. wheat successfully prosecuted the kealohas and several others including a number of hpd officers who were involved in the conspiracy to set up puana after silvert and his investigators uncovered the scheme. wheat also went after the kealohas and katherine in particular on a number of other charges related to bank fraud identity theft and drug trafficking. silvert said wheat appears to be investigating kaneshiro the same way he would a white collar criminal. al capone did n t get charged for murdering people he got charged for tax evasion silvert said. following the money and following possible improper campaign contributions is kind of a classic old school fbi method. whether wheat can prove a quid pro quo is another question silvert said. here there appear to be campaign contributions on the one hand and then very definitive acts on the other silvert said. this quid pro quo seems to have some meat to it. kaneshiro was notified he was a target of the justice department s criminal investigation in 2018 while still serving as the city s top elected prosecutor. he eventually took a paid leave of absence after hawaii attorney general clare connors petitioned the state supreme court to have him suspended. for the most part wheat s investigation into kaneshiro has remained out of public view. in 2019 much of the public focus was on the kealoha trial and its subsequent fallout after the couple was convicted along with two of their police officer co conspirators derek hahn and minh hung bobby nguyen. katherine and louis kealoha are both in federal prison after being convicted by wheat and his team of prosecutors. the coronavirus pandemic further detracted from the investigation and complicated wheat s efforts in part because he and his team of prosecutors are based in san diego and covid 19 court restrictions temporarily shut down the grand jury proceedings. that all changed once wheat started bringing in employees of mitsunaga associates to testify. together walden mitsunaga and their affiliates including family members and business partners have donated more than 50000 to kaneshiro s campaign between 2010 and 2016 which accounts for more than 15 of his total itemized contributions in that time. walden was among kaneshiro s top campaign contributors according to data from the hawaii campaign spending commission. she and her business partners including her ex husband brian sakamaki and giampaolo paul boschetti have donated at least 9000 to kaneshiro s campaigns since 2012 including through two limited liability companies lionking ii llc and microwave llc. mitsunaga too was a major contributor to kaneshiro s campaigns between 2010 and 2016 records show. he and his family including his wife chan and daughter lois gave more than 20000 to kaneshiro. other executives of mitsunaga associates gave thousands of dollars more. silvert said wheat appears to be trying to get someone at mitsunaga associates to start talking about the company s relationship with kaneshiro but based on the actions of koya and others it seems like he might not be getting the cooperation he desires. everybody is playing hardball here and i know mr. wheat gets more energized when you play hardball silvert said. he takes it as a personal challenge so it may not be the right approach to try dampening the investigation into what s happened here. honolulu civil beat is dedicated to cultivating an informed body of citizens all striving to make hawaii a better place to live. we achieve this through investigative and watchdog journalism in depth enterprise reporting analysis and commentary that gives readers a broad view on issues of importance to our community. """
religion,"associated press ap paramedics were called regularly to treat children suffering from panic attacks so severe their hands would constrict into balls and their bodies would shake. the outbursts often occurred after other children were taken away to be reunited with families  dashing the hopes of those left behind at the largest emergency shelter set up by the biden administration to hold minors who had crossed the mexico border alone. the conditions described by a federal volunteer who spent two weeks in may at the shelter at fort bliss army base in el paso  texas  highlight the desperation and stress of thousands of children held at unlicensed facilities  waiting to reunite with relatives. some had marks on their arms indicating self harm  and federal volunteers were ordered to keep out scissors  pencils or even toothbrushes that could be used as a weapon. while girls made origami and braided friendship bracelets  a large number of the children spent the day sleeping  the volunteer said. the volunteer spoke on condition of anonymity because she was not authorized to talk publicly about what she witnessed on the base from may 12 to may 25. she said she was compelled to speak out because of the despair she observed. much of what she described mirrored what advocates who visited the shelter recently recounted to the associated press and what children there told them. the conditions raise concerns about why it is taking more than a month on average to release the children when most have family in the united states. more staffing has been added since the emergency shelters were opened this spring amid an unprecedented arrival of migrant children  and the flows have subsided. i think there is a general consensus that no child should be in these emergency shelters for more than two weeks  said aaron reichlin melnick  policy counsel for the advocacy group american immigration council. lawyers and advocates question why most of the children are at unlicensed shelters. as of may 31  nearly 9 000 children were kept at unlicensed sites  compared with 7 200 at licensed shelters  court filings by the government said. while the unlicensed facilities were running at near capacity in may  the licensed facilities were only about half full  according to a report filed by the agency tasked with the children s care. advocates say the government should be pouring more resources into the safe release of children  and those without relatives or a family friend  known as a sponsor  should be immediately going to licensed facilities that are required to have a care worker for every eight children during the day and a mental health clinician per every 12 children. the volunteer was one of more than 700 at the time  when fort bliss housed more than 4 600 children in giant  air conditioned military tents filled with cot style bunkbeds. the number of children there is now down by nearly half  at fewer than 2 500. the volunteer said she met children who had been there 54 days. she saw bubbly girls grow angry and quiet and sleep so much they had to be woken to eat. several had panic attacks after seeing friends leave to join their families. one day  ambulances were called four times  the volunteer said. paramedics would come into the tent and take them away on a stretcher because their hands would constrict up  their heads would sometimes go to one side  and their limbs would shake and it was obvious that it was very uncontrolled  she said. the children could call their families twice a week. an official from the department of health and human services did not comment specifically on the allegations regarding first responders treating children suffering from panic attacks and other concerns about the minors safety  but said the administration was working on expanding indoor recreation space  mental health support  wellness activities and educational services. the official said mental health services and counseling are available to everyone at the emergency facilities. the record arrivals of migrant children have tested the biden administration  with the government picking up nearly 60 000 children traveling without their parents across the mexican border from february to may. the government s goal is to unite every child safely and swiftly with their parents or sponsors  but it takes time to do the extensive screening that includes interviews  background checks and sometimes home visits  the government official said. the administration has maintained it followed best practices when it opened 14 emergency intake sites this spring to respond quickly to overcrowding at customs and border protection facilities  and said improvements are being made constantly. they include the addition of virtual case managers to assist staff on the ground to expedite the release of children  and efforts to identify complicated cases or children without relatives or sponsors to move them to licensed facilities. the number of children in the shelters has dropped from a high of more than 23 000 to 16 000. four emergency shelters have closed  while two more are slated to close soon. the government is no longer anticipating fort bliss will need to expand to 10 000 beds  the official said. attorneys and advocates say the fort bliss shelter should be shuttered as soon as possible. advocates say better options are being underutilized like the convention center in long beach  california  where immigration attorneys meet with children regularly  and musical performers and yoga instructors have been invited in. a pomona  california  facility is housing about 500 children but has space for more than 2 000. it has consistently met its goal of reunifying 20 of the children by the end of each week  said lindsay toczylowski  executive director of immigrant defenders law center in california. one of the questions i have is why are children continuing to be held in places like fort bliss  where conditions are being reported as so dire  when there are places like pomona she said. the government said every shelter offers mental health care  and it has added more behavioral health  spiritual and educational services  including at fort bliss  which also opened more indoor recreational space. even so  none of the emergency shelters can properly care for children with the trauma of fleeing violent homelands  said leecia welch  an attorney at the nonprofit national center for youth law who monitors the care of immigrant children in custody to ensure the facilities adhere to conditions set out by a long standing court settlement. there is not enough focus on releasing children to their families  said welch  whose team visited fort bliss on june 3 and 4. releasing children in custody has become more critical since texas gov. greg abbott this month directed a state agency to discontinue licenses for facilities sheltering migrant children. advocates fear shelters could close and result in more minors in unlicensed shelters like fort bliss. the volunteer said she could see the toll it was taking. with more than 900 girls there at the time  the volunteers divided them into pods to better care for them. some required one on one supervision 24 hours a day after showing a tendency to harm themselves  she said. weeks after she was admitted to fort bliss  a shy 13 year old girl was finally given a new pair of shoes to replace the tattered ones she wore when she left guatemala and walked for days  the volunteer said. the government notified the volunteers on may 24 that they were no longer needed because the contractor had hired enough staff to have one worker for every 15 children. i know that this is very upsetting news to many of us and that we all have concerns about the children being treated humanely after we leave  the email stated  assuring the volunteers they would be let go """
labour,"unionized delivery workers stage the second day of their protest demanding logistics firms implement an agreement on preventing overwork at yeouido park in western seoul on wednesday. thousands of unionized delivery workers continued their strike for a second day in seoul on wednesday calling on logistics firms to implement an agreement on preventing overwork. around 4000 workers belonging to the parcel delivery workers solidarity union resumed their protest after spending a night outdoors in tents or on mats at yeouido park western seoul. the overnight protest was timed with the resumption of the final meeting over the implementation of overwork prevention measures. in the afternoon the union the government and logistics firms are scheduled to meet again to hammer out an agreement. it is reported that the three parties have made good progress on many contentious points including the date from which couriers are freed from sorting parcels. but the negotiation has dragged on partly due to demands by postal service workers that a final draft specifically mention that korea post the national postal service will implement an agreement. korea post has demanded excessive parcel delivery from its workers and shifted the responsibility for work related accidents to workers they said in a press conference held in front of the national assembly on wednesday. postal service workers have reported their company for violating the labor standards act. the union launched an indefinite walkout last wednesday after talks with the government and logistics firms on implementing a january deal fell through. under the agreement the companies had agreed to provide extra workers to sort parcels and take other steps to ease the burden on couriers who have long complained of overwork from sorting parcels before delivery and doing so without additional pay. the january deal was reached by the union logistics companies and the government after 16 delivery workers died last year apparently due to overwork. the agreement also calls on logistics firms to provide extra payment to workers for sorting parcels and to work to automate the job. on tuesday the seoul metropolitan police unsuccessfully ordered the protesters to disperse citing an unlawful assembly amid the covid 19 pandemic. they said the city government will lodge a complaint with the police against the union for violating the infectious disease control and prevention act later in the day. as thousands of people have assembled in yeouido concerns have grown that the efforts by the people and the government to stop the spread of the virus could go to waste police said adding they will act sternly against illegal acts that could put society at risk. """
health,"national cpr and aed awareness week which runs from june 1 7 is all about making sure as many people as possible have access to potentially life saving knowledge. this is probably not top of mind for everybody in the community but we all see each and every day in the area that there unfortunately are situations that call for somebody to be able to use those skills said jonathan mcnamara of american red cross virginia. we want to make sure that as many people as possible have that training so if they need it they can respond effectively. in a situation where someone goes into cardiac arrest meaning their heart stops the red cross suggests calling 911 immediately. from there is where public knowledge of cpr and aed usage can make a world of difference. mcnamara tells news 3 that average emergency response times are 8 12 minutes. the problem is for every minute cpr is not done on someone suffering an arrest their chances of survival drop ten percent. the american red cross offers frequent certification classes for cpr. more localized organizations like the virginia beach volunteer rescue squad offer classes too. i talk to first responders on a daily basis who use lifesaving skills as a part of their job and even they are surprised by some of the scenarios they run upon and what we ve heard from each and every one of them is that the more you practice the more you are learning about these situations the better prepared you re gonna be said mcnamara. but there are also quicker options to ensure the average person has the knowledge needed to respond to a person suffering from cardiac arrest or another emergency. the american red cross first aid app is free and offers step by step instructions on how to do cpr as well as respond to any number of medical emergencies. it can actually allow you to call 911 right through the app. we actually have videos in that app that can also walk you through those steps and those videos are directly into the app so you do n t even need to be connected to the internet said mcnamara. """
weather,"fort lauderdale fl june 29 2021 today in honor of international day of the tropics chiquita is continuing its mission to preserve the tropics and empower the communities that reside there. because of its climate the tropics have been the ideal location for chiquita to grow its sustainable bananas for more than a century. recognizing the global importance of the region chiquita is committed to celebrating and preserving this land and its inhabitants through the company s all encompassing behind the blue sticker strategic approach. chiquita is honored to be a part of the vibrant community in the tropics and we are proud of the work we ve done to preserve this crucial ecosystem said raul gigena human resources director for chiquita north america. our farming experience in the area has allowed us to witness the beauty and biodiversity of the tropics firsthand but we have also seen the negative impacts that climate change has had on the region. as we celebrate international day of the tropics we hope to bring awareness to these issues and restate our commitment to a prosperous future for the tropics. according to the united nations the tropics host approximately 80 percent of the world s biodiversity. since 2004 chiquita has worked to protect that ecosystem specifically in the nogal wildlife reserve in costa rica. to date chiquita has planted over 20000 trees there to help improve air quality create safe shelter for wildlife and reduce the risk of floods and landslides. this forest has a positive impact on offsetting carbon emissions as it absorbs about 400 tons of carbon per year. these efforts have provided tremendous results with three new species being discovered in the area in 2017. recently chiquita partnered with the giz farm to table initiative to install several hidden cameras to track animal activity in the area. the cameras showed that a wide variety of animals are thriving in the reserve including deer anteaters coyote armadillos horned guan and more. last year chiquita celebrated the reserve s 15th anniversary and will continue to preserve the 720 plant and 339 animal species found within the reserve s 257 acres of land. as the negative effects of global warming continue to be a prominent threat to the tropics chiquita is also taking actionable steps to reduce its carbon footprint and minimize the effects of climate change. earlier this year the science based target initiative sbti approved chiquita s 30by30 sustainability program a major plan aiming to reduce carbon emissions across brand operations by 30 percent by the end of 2030. this approval makes chiquita the first global fruit company to be recognized by sbti. chiquita has set a fully detailed roadmap until 2030 with clear objectives to reduce energy consumption by moving to greener electricity using solar panels and wind turbines replacing diesel use by switching to biofuels or electric vehicles and reducing nitrogen emissions from fertilizers. sbti will independently track chiquita s progress in these areas ensuring that both advancements and areas of improvement are monitored and addressed accordingly. though chiquita is looking to the future the company is also focused on minimizing the damage that climate change has had on the communities in the tropics such as increased instances of extreme weather. in late 2020 central america was struck by two devastating hurricanes within just a few weeks which displaced hundreds of families and left them in needs of basic supplies and medical aid. since then chiquita has worked closely with government officials and charitable organizations in honduras and guatemala to help coordinate the delivery of thousands of bags of nonperishable food bottled water and hygiene products from its fort lauderdale fl distribution center. the company also coordinated a regional fundraiser resulting in more than 10000 going directly to relief efforts. recognizing that the region has a long road to a full recovery chiquita has invested in continued support to its valued farming communities. for updates regarding chiquita s work in the tropics please visit . "" "
